Workbook

Sheet README
A1: Risk Governance OS – Excel MVP (v9, aligned with MRDAP revised methodology)
A3: What changed in v9
A4: The calculation engine was rebuilt to match the revised MRDAP whitepaper: • Time: P_cum now uses N = H / T (observation horizon ÷ decision-cycle length) instead of using T as the exponent. • Governance: C now acts on the single-period probability – P_gov = P_floor + (P − P_floor)(1 − C) – instead of multiplying RE by (1 − C). New optional input P_floor; C may be negative (governance that worsens risk). • RE = I × [1 − (1 − P_gov)^N] × τ. The old TFi term inside RE was removed, so TF is applied only once (RE → TRE). • τ is computed as max(1, (T_ref / T)^k) with optional override (τ ≥ 1). • TF is computed from Controllability / Externality / Irreversibility (1–5): U = 6 − C_ctrl, S = ω₁U + ω₂C_ext + ω₃C_irr, TF = 1 + α(S − 1) or exp(α(S − 1)). Domain-default TF table and the separate 'TFi' input were retired; TF_override kept. • A = λ × Cap / TP_org (Setup), with optional direct override. • LR status bands (Green / Yellow / Red) added to Dashboard, Summary and Scenarios. • E/N flag is annotation only (LR_E removed); Scenarios recompute the full nonlinear model and include a Base = Dashboard check. • Fixes: scenario formulas no longer error out on blank register rows; Dashboard Top-10 now tie-safe.
A6: Calculation chain (five layers)
A7: 1 Risk Generation: N = H / T; P_cum = 1 − (1 − P)^N; L_exp = I × P_cum 2 Governance Interaction: P_gov = P_floor + (P − P_floor)(1 − C); τ = max(1, (T_ref/T)^k); RE = I × [1 − (1 − P_gov)^N] × τ 3 Typology Translation: U = 6 − C_ctrl; S = ω₁U + ω₂C_ext + ω₃C_irr; TF = 1 + α(S − 1); TRE_i = RE_i × TF_i 4 Governance Integration: G = Σ TRE_i 5 Decision Judgment: A = λ × Cap / TP_org; LR = G / A → Green ≤ 0.8 < Yellow < 1.0 ≤ Red
A9: How to use
A10: 1) Setup: set time unit, H, T_ref, k, TF weights/α, Cap/TP_org/λ and status bands. 2) Risk_Register: enter one risk per row in columns A–P (or use Input_Form). Watch the Check column. 3) Read Dashboard / Summary; compare governance options in Scenarios. 4) Log changes in Change_Log.
A12: Migrating v8 data
A13: Copy Risk_ID, Risk_Name, Domain, Description, P, I, C, Erosion_Flag (→ Escalation_Type) and Notes. v8 'T' was a cycle COUNT; v9 'T' is the cycle LENGTH – enter the review interval and set H so that H / T equals the old count. v8 'tau' may go into tau_override only if ≥ 1. v8 'TFi' and 'TF_i' are replaced by the three typology scores (or TF_override).
A15: Backlog (future)
A16: Monte-Carlo sampling of P ∈ [P_min, P_max]; graded τ mapping table; sensitivity dashboard (LR elasticity by parameter); role-based access and controlled submission (requires VBA or external system).

Sheet Field_Guide
A1: Field Guide (What / Why / How to Fill)
A3: Authoritative guidance for data entry and interpretation. Formulas follow the MRDAP methodology (revised).
A5: Field | B5: Layer | C5: Purpose (What it is) | D5: How to fill / How it is computed | E5: Allowed / Typical Range | F5: Example
A6: Risk_ID | B6: — | C6: Unique identifier | D6: Short unique code; never reuse. | E6: Text; unique | F6: R-SEC-001
A7: Risk_Name | B7: — | C7: Short risk name | D7: Concise name used in Top-N outputs. | E7: Text | F7: Credential leakage
A8: Domain | B8: — | C8: Risk domain | D8: Dropdown; maintain list in Setup. Used for composition reporting only. | E8: Dropdown | F8: Security
A9: Description | B9: — | C9: Scenario / trigger / boundary | D9: 2–5 lines. | E9: Free text | F9: Leak via vendor VPN…
A10: P | B10: 1 Risk Generation | C10: Single-period probability within ONE decision cycle T | D10: A governance parameter, not a forecast. Re-estimate whenever T changes; P values under different T are not comparable. | E10: 0–1 | F10: 0.20
A11: P_floor | B11: 2 Governance Interaction | C11: Irreducible probability while the activity continues | D11: Optional; blank = 0. The level C = 1 can reduce P to. Must be ≤ P. | E11: 0 ≤ P_floor ≤ P | F11: 0.02
A12: T | B12: 1 Risk Generation | C12: Decision cycle length – interval between governance reviews | D12: In the Setup time unit (default months): 1 = monthly, 3 = quarterly, 12 = annual. | E12: > 0 | F12: 3
A13: I | B13: 1 Risk Generation | C13: Impact severity if the event occurs | D13: Same unit as Cap / A (cost, loss index or severity grade). | E13: ≥ 0 | F13: 250
A14: C | B14: 2 Governance Interaction | C14: Governance effectiveness / coverage | D14: Acts on P each cycle: 0 = no governance; 1 = maximum feasible reduction down to P_floor; negative = governance that increases the risk. | E14: −1 … 1 | F14: 0.5
A15: C_ctrl | B15: 3 Typology Translation | C15: Controllability | D15: 1 = almost uncontrollable … 5 = highly controllable. Reversed internally: U = 6 − C_ctrl. | E15: 1–5 | F15: 4
A16: C_ext | B16: 3 Typology Translation | C16: Externality | D16: 1 = low … 5 = high dependence on external parties/environment. | E16: 1–5 | F16: 3
... A37: Hidden helpers | B37: (auto) | C37: TRE_score, Valid, *_n columns | D37: Stable ranking and scenario engine. Do not edit. | E37: Auto | F37: —

Sheet Setup
A1: Setup / Assumptions
A2: Blue cells are inputs. All parameters are organisation-calibrated placeholders; replace with your own values.
A3: Time Structure (Risk Generation Layer)
A4: Time unit (label only) | B4: months | C4: Unit used for H, T_ref and every risk's T. Change the label if you use quarters/years, and keep all three consistent.
A5: Observation horizon H | B5: 36 | C5: Total period assessed at this decision point. Each risk's number of decision cycles is N = H / T.
A6: Reference cycle T_ref | B6: 12 | C6: Baseline governance tempo for τ (e.g. 12 months = annual). τ = 1 when T ≥ T_ref.
A7: Time-pressure exponent k | B7: 0.25 | C7: τ = max(1, (T_ref / T)^k). Larger k = shorter cycles are penalised more.
A9: Typology Factor TF (Typology Translation Layer)
A10: ω₁ weight – Uncontrollability U | B10: =1/3 -> 0.33333333 | C10: U = 6 − C_ctrl. Weights must sum to 1 (equal weights by default).
A11: ω₂ weight – Externality C_ext | B11: =1/3 -> 0.33333333
A12: ω₃ weight – Irreversibility C_irr | B12: =1/3 -> 0.33333333
A13: Weight check | B13: =IF(ABS(B10+B11+B12-1)<0.0001,"OK","ERROR: weights must sum to 1") -> OK | C13: S = ω₁U + ω₂C_ext + ω₃C_irr
A14: Sensitivity α | B14: 0.25 | C14: α > 0. Linear: TF = 1 + α(S − 1). Exponential: TF = exp(α(S − 1)).
A15: TF mapping method | B15: A (Linear) | C15: Option A (linear) is recommended; Option B (exponential) amplifies hard-to-govern risks.
A17: Acceptance Threshold A (Decision Judgment Layer)
A18: Cap – loss-absorbing capacity | B18: 100 | C18: Same unit as I / G.
A19: TP_org – relative governance response cycle | B19: 1 | C19: Unit-free: organisation's average response cycle ÷ reference cycle (1 = at reference tempo).
A20: λ – calibration coefficient | B20: 1 | C20: Governance conservatism / institutional flexibility.
A21: A override (optional) | C21: Leave blank to use A = λ × Cap / TP_org. Fill only if A is set directly by leadership.
A22: A used | B22: =IF(B21<>"",B21,IF(AND(ISNUMBER(B18),ISNUMBER(B19),ISNUMBER(B20),B19>0),B20*B18/B19,"")) -> 100 | C22: Feeds LR = G / A everywhere.
A24: Risk Load Ratio status bands
A25: Green upper bound | B25: 0.8 | C25: LR ≤ this value → Green (adjustable per governance policy).
A26: Red lower bound | B26: 1 | C26: LR ≥ this value → Red; in between → Yellow.
A28: Domains (dropdown list) | C28: Escalation Type (dropdown) | E28: TF mapping options
A29: Technology | C29: E (Escalating) | E29: A (Linear)
A30: Operations | C30: N (Non‑Escalating) | E30: B (Exponential)
A31: Compliance
A32: Security
A33: Strategy
A34: Supply Chain

Sheet Input_Form
A1: Input Form (fill one risk, then paste values into Risk_Register)
A3: Instructions
A4: 1) Fill row 8 for ONE risk (blue = required, pale blue = optional override, grey = text). 2) Copy A8:P8 and paste as VALUES into the next empty row of Risk_Register (columns A–P). 3) Do not paste into calculated columns (Q onward); Risk_Register computes automatically. Check its 'Check' column shows OK.
A6: Risk_ID | B6: Risk_Name | C6: Domain | D6: Description | E6: P | F6: P_floor | G6: T | H6: I | I6: C | J6: C_ctrl | K6: C_ext | L6: C_irr | M6: tau_override | N6: TF_override | O6: Escalation_Type | P6: Notes
A7: Unique code | B7: Short name | C7: Dropdown | D7: Context | E7: 0–1 per cycle | F7: 0–1, ≤ P (blank=0) | G7: Cycle length (Setup unit) | H7: ≥ 0, same unit as Cap | I7: −1 … 1 | J7: 1–5 (5 = highly controllable) | K7: 1–5 (5 = high externality) | L7: 1–5 (5 = irreversible) | M7: Blank = calc; ≥ 1 | N7: Blank = calc; ≥ 1 | O7: E / N dropdown | P7: Sources, method, overrides

Sheet Risk_Register
A1: Risk_ID | B1: Risk_Name | C1: Domain | D1: Description | E1: P | F1: P_floor | G1: T | H1: I | I1: C | J1: C_ctrl | K1: C_ext | L1: C_irr | M1: tau_override | N1: TF_override | O1: Escalation_Type | P1: Notes | Q1: N | R1: P_cum | S1: L_exp | T1: P_gov | U1: P_cum_gov | V1: tau | W1: S_i | X1: TF_calc | Y1: TF_used | Z1: RE | AA1: TRE_i | AB1: Check | AC1: TRE_score | AD1: Valid | AE1: I_n | AF1: P_n | AG1: Pf_n | AH1: C_n | AI1: T_n | AJ1: tau_n | AK1: TF_n
Q2: =IF(OR($G2="",Setup!$B$5=""),"",Setup!$B$5/$G2) | R2: =IF(OR($E2="",$Q2=""),"",1-(1-$E2)^$Q2) | S2: =IF(OR($R2="",$H2=""),"",$H2*$R2) | T2: =IF(OR($E2="",$I2=""),"",MIN(1,MIN(N($F2),$E2)+($E2-MIN(N($F2),$E2))*(1-$I2))) | U2: =IF(OR($T2="",$Q2=""),"",1-(1-$T2)^$Q2) | V2: =IF($M2<>"",$M2,IF($G2="","",MAX(1,(Setup!$B$6/$G2)^Setup!$B$7))) | W2: =IF(COUNT($J2:$L2)<3,"",Setup!$B$10*(6-$J2)+Setup!$B$11*$K2+Setup!$B$12*$L2) | X2: =IF($W2="","",IF(LEFT(Setup!$B$15,1)="B",EXP(Setup!$B$14*($W2-1)),1+Setup!$B$14*($W2-1))) | Y2: =IF($N2<>"",$N2,$X2) | Z2: =IF(OR($H2="",$U2="",$V2=""),"",$H2*$U2*$V2) | AA2: =IF(OR($Z2="",$Y2=""),"",$Z2*$Y2) | AB2: =IF($A2="","",IF(OR($E2="",$G2="",$H2="",$I2="",AND($N2="",COUNT($J2:$L2)<3)),"Missing: "&IF($E2="","P ","")&IF($G2="","T ","")&IF($H2="","I ","")&IF($I2="","C ","")&IF(AND($N2="",COUNT($J2:$L2)<3),"C_ctrl/C_ext/C_irr",""),IF(N($F2)>$E2,"P_floor > P (floor capped at P)","OK"))) | AC2: =IF($AA2="","",$AA2+ROW()/1000000) | AD2: =IF(AND($A2<>"",ISNUMBER($AA2)),1,0) -> 0 | AE2: =IF($AD2=1,$H2,0) -> 0 | AF2: =IF($AD2=1,$E2,0) -> 0 | AG2: =IF($AD2=1,MIN(N($F2),$E2),0) -> 0 | AH2: =IF($AD2=1,$I2,0) -> 0 | AI2: =IF($AD2=1,$G2,1) -> 1 | AJ2: =IF($AD2=1,$V2,1) -> 1 | AK2: =IF($AD2=1,$Y2,1) -> 1
Q3: =IF(OR($G3="",Setup!$B$5=""),"",Setup!$B$5/$G3) | R3: =IF(OR($E3="",$Q3=""),"",1-(1-$E3)^$Q3) | S3: =IF(OR($R3="",$H3=""),"",$H3*$R3) | T3: =IF(OR($E3="",$I3=""),"",MIN(1,MIN(N($F3),$E3)+($E3-MIN(N($F3),$E3))*(1-$I3))) | U3: =IF(OR($T3="",$Q3=""),"",1-(1-$T3)^$Q3) | V3: =IF($M3<>"",$M3,IF($G3="","",MAX(1,(Setup!$B$6/$G3)^Setup!$B$7))) | W3: =IF(COUNT($J3:$L3)<3,"",Setup!$B$10*(6-$J3)+Setup!$B$11*$K3+Setup!$B$12*$L3) | X3: =IF($W3="","",IF(LEFT(Setup!$B$15,1)="B",EXP(Setup!$B$14*($W3-1)),1+Setup!$B$14*($W3-1))) | Y3: =IF($N3<>"",$N3,$X3) | Z3: =IF(OR($H3="",$U3="",$V3=""),"",$H3*$U3*$V3) | AA3: =IF(OR($Z3="",$Y3=""),"",$Z3*$Y3) | AB3: =IF($A3="","",IF(OR($E3="",$G3="",$H3="",$I3="",AND($N3="",COUNT($J3:$L3)<3)),"Missing: "&IF($E3="","P ","")&IF($G3="","T ","")&IF($H3="","I ","")&IF($I3="","C ","")&IF(AND($N3="",COUNT($J3:$L3)<3),"C_ctrl/C_ext/C_irr",""),IF(N($F3)>$E3,"P_floor > P (floor capped at P)","OK"))) | AC3: =IF($AA3="","",$AA3+ROW()/1000000) | AD3: =IF(AND($A3<>"",ISNUMBER($AA3)),1,0) -> 0 | AE3: =IF($AD3=1,$H3,0) -> 0 | AF3: =IF($AD3=1,$E3,0) -> 0 | AG3: =IF($AD3=1,MIN(N($F3),$E3),0) -> 0 | AH3: =IF($AD3=1,$I3,0) -> 0 | AI3: =IF($AD3=1,$G3,1) -> 1 | AJ3: =IF($AD3=1,$V3,1) -> 1 | AK3: =IF($AD3=1,$Y3,1) -> 1
Q4: =IF(OR($G4="",Setup!$B$5=""),"",Setup!$B$5/$G4) | R4: =IF(OR($E4="",$Q4=""),"",1-(1-$E4)^$Q4) | S4: =IF(OR($R4="",$H4=""),"",$H4*$R4) | T4: =IF(OR($E4="",$I4=""),"",MIN(1,MIN(N($F4),$E4)+($E4-MIN(N($F4),$E4))*(1-$I4))) | U4: =IF(OR($T4="",$Q4=""),"",1-(1-$T4)^$Q4) | V4: =IF($M4<>"",$M4,IF($G4="","",MAX(1,(Setup!$B$6/$G4)^Setup!$B$7))) | W4: =IF(COUNT($J4:$L4)<3,"",Setup!$B$10*(6-$J4)+Setup!$B$11*$K4+Setup!$B$12*$L4) | X4: =IF($W4="","",IF(LEFT(Setup!$B$15,1)="B",EXP(Setup!$B$14*($W4-1)),1+Setup!$B$14*($W4-1))) | Y4: =IF($N4<>"",$N4,$X4) | Z4: =IF(OR($H4="",$U4="",$V4=""),"",$H4*$U4*$V4) | AA4: =IF(OR($Z4="",$Y4=""),"",$Z4*$Y4) | AB4: =IF($A4="","",IF(OR($E4="",$G4="",$H4="",$I4="",AND($N4="",COUNT($J4:$L4)<3)),"Missing: "&IF($E4="","P ","")&IF($G4="","T ","")&IF($H4="","I ","")&IF($I4="","C ","")&IF(AND($N4="",COUNT($J4:$L4)<3),"C_ctrl/C_ext/C_irr",""),IF(N($F4)>$E4,"P_floor > P (floor capped at P)","OK"))) | AC4: =IF($AA4="","",$AA4+ROW()/1000000) | AD4: =IF(AND($A4<>"",ISNUMBER($AA4)),1,0) -> 0 | AE4: =IF($AD4=1,$H4,0) -> 0 | AF4: =IF($AD4=1,$E4,0) -> 0 | AG4: =IF($AD4=1,MIN(N($F4),$E4),0) -> 0 | AH4: =IF($AD4=1,$I4,0) -> 0 | AI4: =IF($AD4=1,$G4,1) -> 1 | AJ4: =IF($AD4=1,$V4,1) -> 1 | AK4: =IF($AD4=1,$Y4,1) -> 1
Q5: =IF(OR($G5="",Setup!$B$5=""),"",Setup!$B$5/$G5) | R5: =IF(OR($E5="",$Q5=""),"",1-(1-$E5)^$Q5) | S5: =IF(OR($R5="",$H5=""),"",$H5*$R5) | T5: =IF(OR($E5="",$I5=""),"",MIN(1,MIN(N($F5),$E5)+($E5-MIN(N($F5),$E5))*(1-$I5))) | U5: =IF(OR($T5="",$Q5=""),"",1-(1-$T5)^$Q5) | V5: =IF($M5<>"",$M5,IF($G5="","",MAX(1,(Setup!$B$6/$G5)^Setup!$B$7))) | W5: =IF(COUNT($J5:$L5)<3,"",Setup!$B$10*(6-$J5)+Setup!$B$11*$K5+Setup!$B$12*$L5) | X5: =IF($W5="","",IF(LEFT(Setup!$B$15,1)="B",EXP(Setup!$B$14*($W5-1)),1+Setup!$B$14*($W5-1))) | Y5: =IF($N5<>"",$N5,$X5) | Z5: =IF(OR($H5="",$U5="",$V5=""),"",$H5*$U5*$V5) | AA5: =IF(OR($Z5="",$Y5=""),"",$Z5*$Y5) | AB5: =IF($A5="","",IF(OR($E5="",$G5="",$H5="",$I5="",AND($N5="",COUNT($J5:$L5)<3)),"Missing: "&IF($E5="","P ","")&IF($G5="","T ","")&IF($H5="","I ","")&IF($I5="","C ","")&IF(AND($N5="",COUNT($J5:$L5)<3),"C_ctrl/C_ext/C_irr",""),IF(N($F5)>$E5,"P_floor > P (floor capped at P)","OK"))) | AC5: =IF($AA5="","",$AA5+ROW()/1000000) | AD5: =IF(AND($A5<>"",ISNUMBER($AA5)),1,0) -> 0 | AE5: =IF($AD5=1,$H5,0) -> 0 | AF5: =IF($AD5=1,$E5,0) -> 0 | AG5: =IF($AD5=1,MIN(N($F5),$E5),0) -> 0 | AH5: =IF($AD5=1,$I5,0) -> 0 | AI5: =IF($AD5=1,$G5,1) -> 1 | AJ5: =IF($AD5=1,$V5,1) -> 1 | AK5: =IF($AD5=1,$Y5,1) -> 1
Q6: =IF(OR($G6="",Setup!$B$5=""),"",Setup!$B$5/$G6) | R6: =IF(OR($E6="",$Q6=""),"",1-(1-$E6)^$Q6) | S6: =IF(OR($R6="",$H6=""),"",$H6*$R6) | T6: =IF(OR($E6="",$I6=""),"",MIN(1,MIN(N($F6),$E6)+($E6-MIN(N($F6),$E6))*(1-$I6))) | U6: =IF(OR($T6="",$Q6=""),"",1-(1-$T6)^$Q6) | V6: =IF($M6<>"",$M6,IF($G6="","",MAX(1,(Setup!$B$6/$G6)^Setup!$B$7))) | W6: =IF(COUNT($J6:$L6)<3,"",Setup!$B$10*(6-$J6)+Setup!$B$11*$K6+Setup!$B$12*$L6) | X6: =IF($W6="","",IF(LEFT(Setup!$B$15,1)="B",EXP(Setup!$B$14*($W6-1)),1+Setup!$B$14*($W6-1))) | Y6: =IF($N6<>"",$N6,$X6) | Z6: =IF(OR($H6="",$U6="",$V6=""),"",$H6*$U6*$V6) | AA6: =IF(OR($Z6="",$Y6=""),"",$Z6*$Y6) | AB6: =IF($A6="","",IF(OR($E6="",$G6="",$H6="",$I6="",AND($N6="",COUNT($J6:$L6)<3)),"Missing: "&IF($E6="","P ","")&IF($G6="","T ","")&IF($H6="","I ","")&IF($I6="","C ","")&IF(AND($N6="",COUNT($J6:$L6)<3),"C_ctrl/C_ext/C_irr",""),IF(N($F6)>$E6,"P_floor > P (floor capped at P)","OK"))) | AC6: =IF($AA6="","",$AA6+ROW()/1000000) | AD6: =IF(AND($A6<>"",ISNUMBER($AA6)),1,0) -> 0 | AE6: =IF($AD6=1,$H6,0) -> 0 | AF6: =IF($AD6=1,$E6,0) -> 0 | AG6: =IF($AD6=1,MIN(N($F6),$E6),0) -> 0 | AH6: =IF($AD6=1,$I6,0) -> 0 | AI6: =IF($AD6=1,$G6,1) -> 1 | AJ6: =IF($AD6=1,$V6,1) -> 1 | AK6: =IF($AD6=1,$Y6,1) -> 1
Q7: =IF(OR($G7="",Setup!$B$5=""),"",Setup!$B$5/$G7) | R7: =IF(OR($E7="",$Q7=""),"",1-(1-$E7)^$Q7) | S7: =IF(OR($R7="",$H7=""),"",$H7*$R7) | T7: =IF(OR($E7="",$I7=""),"",MIN(1,MIN(N($F7),$E7)+($E7-MIN(N($F7),$E7))*(1-$I7))) | U7: =IF(OR($T7="",$Q7=""),"",1-(1-$T7)^$Q7) | V7: =IF($M7<>"",$M7,IF($G7="","",MAX(1,(Setup!$B$6/$G7)^Setup!$B$7))) | W7: =IF(COUNT($J7:$L7)<3,"",Setup!$B$10*(6-$J7)+Setup!$B$11*$K7+Setup!$B$12*$L7) | X7: =IF($W7="","",IF(LEFT(Setup!$B$15,1)="B",EXP(Setup!$B$14*($W7-1)),1+Setup!$B$14*($W7-1))) | Y7: =IF($N7<>"",$N7,$X7) | Z7: =IF(OR($H7="",$U7="",$V7=""),"",$H7*$U7*$V7) | AA7: =IF(OR($Z7="",$Y7=""),"",$Z7*$Y7) | AB7: =IF($A7="","",IF(OR($E7="",$G7="",$H7="",$I7="",AND($N7="",COUNT($J7:$L7)<3)),"Missing: "&IF($E7="","P ","")&IF($G7="","T ","")&IF($H7="","I ","")&IF($I7="","C ","")&IF(AND($N7="",COUNT($J7:$L7)<3),"C_ctrl/C_ext/C_irr",""),IF(N($F7)>$E7,"P_floor > P (floor capped at P)","OK"))) | AC7: =IF($AA7="","",$AA7+ROW()/1000000) | AD7: =IF(AND($A7<>"",ISNUMBER($AA7)),1,0) -> 0 | AE7: =IF($AD7=1,$H7,0) -> 0 | AF7: =IF($AD7=1,$E7,0) -> 0 | AG7: =IF($AD7=1,MIN(N($F7),$E7),0) -> 0 | AH7: =IF($AD7=1,$I7,0) -> 0 | AI7: =IF($AD7=1,$G7,1) -> 1 | AJ7: =IF($AD7=1,$V7,1) -> 1 | AK7: =IF($AD7=1,$Y7,1) -> 1
Q8: =IF(OR($G8="",Setup!$B$5=""),"",Setup!$B$5/$G8) | R8: =IF(OR($E8="",$Q8=""),"",1-(1-$E8)^$Q8) | S8: =IF(OR($R8="",$H8=""),"",$H8*$R8) | T8: =IF(OR($E8="",$I8=""),"",MIN(1,MIN(N($F8),$E8)+($E8-MIN(N($F8),$E8))*(1-$I8))) | U8: =IF(OR($T8="",$Q8=""),"",1-(1-$T8)^$Q8) | V8: =IF($M8<>"",$M8,IF($G8="","",MAX(1,(Setup!$B$6/$G8)^Setup!$B$7))) | W8: =IF(COUNT($J8:$L8)<3,"",Setup!$B$10*(6-$J8)+Setup!$B$11*$K8+Setup!$B$12*$L8) | X8: =IF($W8="","",IF(LEFT(Setup!$B$15,1)="B",EXP(Setup!$B$14*($W8-1)),1+Setup!$B$14*($W8-1))) | Y8: =IF($N8<>"",$N8,$X8) | Z8: =IF(OR($H8="",$U8="",$V8=""),"",$H8*$U8*$V8) | AA8: =IF(OR($Z8="",$Y8=""),"",$Z8*$Y8) | AB8: =IF($A8="","",IF(OR($E8="",$G8="",$H8="",$I8="",AND($N8="",COUNT($J8:$L8)<3)),"Missing: "&IF($E8="","P ","")&IF($G8="","T ","")&IF($H8="","I ","")&IF($I8="","C ","")&IF(AND($N8="",COUNT($J8:$L8)<3),"C_ctrl/C_ext/C_irr",""),IF(N($F8)>$E8,"P_floor > P (floor capped at P)","OK"))) | AC8: =IF($AA8="","",$AA8+ROW()/1000000) | AD8: =IF(AND($A8<>"",ISNUMBER($AA8)),1,0) -> 0 | AE8: =IF($AD8=1,$H8,0) -> 0 | AF8: =IF($AD8=1,$E8,0) -> 0 | AG8: =IF($AD8=1,MIN(N($F8),$E8),0) -> 0 | AH8: =IF($AD8=1,$I8,0) -> 0 | AI8: =IF($AD8=1,$G8,1) -> 1 | AJ8: =IF($AD8=1,$V8,1) -> 1 | AK8: =IF($AD8=1,$Y8,1) -> 1
Q9: =IF(OR($G9="",Setup!$B$5=""),"",Setup!$B$5/$G9) | R9: =IF(OR($E9="",$Q9=""),"",1-(1-$E9)^$Q9) | S9: =IF(OR($R9="",$H9=""),"",$H9*$R9) | T9: =IF(OR($E9="",$I9=""),"",MIN(1,MIN(N($F9),$E9)+($E9-MIN(N($F9),$E9))*(1-$I9))) | U9: =IF(OR($T9="",$Q9=""),"",1-(1-$T9)^$Q9) | V9: =IF($M9<>"",$M9,IF($G9="","",MAX(1,(Setup!$B$6/$G9)^Setup!$B$7))) | W9: =IF(COUNT($J9:$L9)<3,"",Setup!$B$10*(6-$J9)+Setup!$B$11*$K9+Setup!$B$12*$L9) | X9: =IF($W9="","",IF(LEFT(Setup!$B$15,1)="B",EXP(Setup!$B$14*($W9-1)),1+Setup!$B$14*($W9-1))) | Y9: =IF($N9<>"",$N9,$X9) | Z9: =IF(OR($H9="",$U9="",$V9=""),"",$H9*$U9*$V9) | AA9: =IF(OR($Z9="",$Y9=""),"",$Z9*$Y9) | AB9: =IF($A9="","",IF(OR($E9="",$G9="",$H9="",$I9="",AND($N9="",COUNT($J9:$L9)<3)),"Missing: "&IF($E9="","P ","")&IF($G9="","T ","")&IF($H9="","I ","")&IF($I9="","C ","")&IF(AND($N9="",COUNT($J9:$L9)<3),"C_ctrl/C_ext/C_irr",""),IF(N($F9)>$E9,"P_floor > P (floor capped at P)","OK"))) | AC9: =IF($AA9="","",$AA9+ROW()/1000000) | AD9: =IF(AND($A9<>"",ISNUMBER($AA9)),1,0) -> 0 | AE9: =IF($AD9=1,$H9,0) -> 0 | AF9: =IF($AD9=1,$E9,0) -> 0 | AG9: =IF($AD9=1,MIN(N($F9),$E9),0) -> 0 | AH9: =IF($AD9=1,$I9,0) -> 0 | AI9: =IF($AD9=1,$G9,1) -> 1 | AJ9: =IF($AD9=1,$V9,1) -> 1 | AK9: =IF($AD9=1,$Y9,1) -> 1
Q10: =IF(OR($G10="",Setup!$B$5=""),"",Setup!$B$5/$G10) | R10: =IF(OR($E10="",$Q10=""),"",1-(1-$E10)^$Q10) | S10: =IF(OR($R10="",$H10=""),"",$H10*$R10) | T10: =IF(OR($E10="",$I10=""),"",MIN(1,MIN(N($F10),$E10)+($E10-MIN(N($F10),$E10))*(1-$I10))) | U10: =IF(OR($T10="",$Q10=""),"",1-(1-$T10)^$Q10) | V10: =IF($M10<>"",$M10,IF($G10="","",MAX(1,(Setup!$B$6/$G10)^Setup!$B$7))) | W10: =IF(COUNT($J10:$L10)<3,"",Setup!$B$10*(6-$J10)+Setup!$B$11*$K10+Setup!$B$12*$L10) | X10: =IF($W10="","",IF(LEFT(Setup!$B$15,1)="B",EXP(Setup!$B$14*($W10-1)),1+Setup!$B$14*($W10-1))) | Y10: =IF($N10<>"",$N10,$X10) | Z10: =IF(OR($H10="",$U10="",$V10=""),"",$H10*$U10*$V10) | AA10: =IF(OR($Z10="",$Y10=""),"",$Z10*$Y10) | AB10: =IF($A10="","",IF(OR($E10="",$G10="",$H10="",$I10="",AND($N10="",COUNT($J10:$L10)<3)),"Missing: "&IF($E10="","P ","")&IF($G10="","T ","")&IF($H10="","I ","")&IF($I10="","C ","")&IF(AND($N10="",COUNT($J10:$L10)<3),"C_ctrl/C_ext/C_irr",""),IF(N($F10)>$E10,"P_floor > P (floor capped at P)","OK"))) | AC10: =IF($AA10="","",$AA10+ROW()/1000000) | AD10: =IF(AND($A10<>"",ISNUMBER($AA10)),1,0) -> 0 | AE10: =IF($AD10=1,$H10,0) -> 0 | AF10: =IF($AD10=1,$E10,0) -> 0 | AG10: =IF($AD10=1,MIN(N($F10),$E10),0) -> 0 | AH10: =IF($AD10=1,$I10,0) -> 0 | AI10: =IF($AD10=1,$G10,1) -> 1 | AJ10: =IF($AD10=1,$V10,1) -> 1 | AK10: =IF($AD10=1,$Y10,1) -> 1
Q11: =IF(OR($G11="",Setup!$B$5=""),"",Setup!$B$5/$G11) | R11: =IF(OR($E11="",$Q11=""),"",1-(1-$E11)^$Q11) | S11: =IF(OR($R11="",$H11=""),"",$H11*$R11) | T11: =IF(OR($E11="",$I11=""),"",MIN(1,MIN(N($F11),$E11)+($E11-MIN(N($F11),$E11))*(1-$I11))) | U11: =IF(OR($T11="",$Q11=""),"",1-(1-$T11)^$Q11) | V11: =IF($M11<>"",$M11,IF($G11="","",MAX(1,(Setup!$B$6/$G11)^Setup!$B$7))) | W11: =IF(COUNT($J11:$L11)<3,"",Setup!$B$10*(6-$J11)+Setup!$B$11*$K11+Setup!$B$12*$L11) | X11: =IF($W11="","",IF(LEFT(Setup!$B$15,1)="B",EXP(Setup!$B$14*($W11-1)),1+Setup!$B$14*($W11-1))) | Y11: =IF($N11<>"",$N11,$X11) | Z11: =IF(OR($H11="",$U11="",$V11=""),"",$H11*$U11*$V11) | AA11: =IF(OR($Z11="",$Y11=""),"",$Z11*$Y11) | AB11: =IF($A11="","",IF(OR($E11="",$G11="",$H11="",$I11="",AND($N11="",COUNT($J11:$L11)<3)),"Missing: "&IF($E11="","P ","")&IF($G11="","T ","")&IF($H11="","I ","")&IF($I11="","C ","")&IF(AND($N11="",COUNT($J11:$L11)<3),"C_ctrl/C_ext/C_irr",""),IF(N($F11)>$E11,"P_floor > P (floor capped at P)","OK"))) | AC11: =IF($AA11="","",$AA11+ROW()/1000000) | AD11: =IF(AND($A11<>"",ISNUMBER($AA11)),1,0) -> 0 | AE11: =IF($AD11=1,$H11,0) -> 0 | AF11: =IF($AD11=1,$E11,0) -> 0 | AG11: =IF($AD11=1,MIN(N($F11),$E11),0) -> 0 | AH11: =IF($AD11=1,$I11,0) -> 0 | AI11: =IF($AD11=1,$G11,1) -> 1 | AJ11: =IF($AD11=1,$V11,1) -> 1 | AK11: =IF($AD11=1,$Y11,1) -> 1
Q12: =IF(OR($G12="",Setup!$B$5=""),"",Setup!$B$5/$G12) | R12: =IF(OR($E12="",$Q12=""),"",1-(1-$E12)^$Q12) | S12: =IF(OR($R12="",$H12=""),"",$H12*$R12) | T12: =IF(OR($E12="",$I12=""),"",MIN(1,MIN(N($F12),$E12)+($E12-MIN(N($F12),$E12))*(1-$I12))) | U12: =IF(OR($T12="",$Q12=""),"",1-(1-$T12)^$Q12) | V12: =IF($M12<>"",$M12,IF($G12="","",MAX(1,(Setup!$B$6/$G12)^Setup!$B$7))) | W12: =IF(COUNT($J12:$L12)<3,"",Setup!$B$10*(6-$J12)+Setup!$B$11*$K12+Setup!$B$12*$L12) | X12: =IF($W12="","",IF(LEFT(Setup!$B$15,1)="B",EXP(Setup!$B$14*($W12-1)),1+Setup!$B$14*($W12-1))) | Y12: =IF($N12<>"",$N12,$X12) | Z12: =IF(OR($H12="",$U12="",$V12=""),"",$H12*$U12*$V12) | AA12: =IF(OR($Z12="",$Y12=""),"",$Z12*$Y12) | AB12: =IF($A12="","",IF(OR($E12="",$G12="",$H12="",$I12="",AND($N12="",COUNT($J12:$L12)<3)),"Missing: "&IF($E12="","P ","")&IF($G12="","T ","")&IF($H12="","I ","")&IF($I12="","C ","")&IF(AND($N12="",COUNT($J12:$L12)<3),"C_ctrl/C_ext/C_irr",""),IF(N($F12)>$E12,"P_floor > P (floor capped at P)","OK"))) | AC12: =IF($AA12="","",$AA12+ROW()/1000000) | AD12: =IF(AND($A12<>"",ISNUMBER($AA12)),1,0) -> 0 | AE12: =IF($AD12=1,$H12,0) -> 0 | AF12: =IF($AD12=1,$E12,0) -> 0 | AG12: =IF($AD12=1,MIN(N($F12),$E12),0) -> 0 | AH12: =IF($AD12=1,$I12,0) -> 0 | AI12: =IF($AD12=1,$G12,1) -> 1 | AJ12: =IF($AD12=1,$V12,1) -> 1 | AK12: =IF($AD12=1,$Y12,1) -> 1
Q13: =IF(OR($G13="",Setup!$B$5=""),"",Setup!$B$5/$G13) | R13: =IF(OR($E13="",$Q13=""),"",1-(1-$E13)^$Q13) | S13: =IF(OR($R13="",$H13=""),"",$H13*$R13) | T13: =IF(OR($E13="",$I13=""),"",MIN(1,MIN(N($F13),$E13)+($E13-MIN(N($F13),$E13))*(1-$I13))) | U13: =IF(OR($T13="",$Q13=""),"",1-(1-$T13)^$Q13) | V13: =IF($M13<>"",$M13,IF($G13="","",MAX(1,(Setup!$B$6/$G13)^Setup!$B$7))) | W13: =IF(COUNT($J13:$L13)<3,"",Setup!$B$10*(6-$J13)+Setup!$B$11*$K13+Setup!$B$12*$L13) | X13: =IF($W13="","",IF(LEFT(Setup!$B$15,1)="B",EXP(Setup!$B$14*($W13-1)),1+Setup!$B$14*($W13-1))) | Y13: =IF($N13<>"",$N13,$X13) | Z13: =IF(OR($H13="",$U13="",$V13=""),"",$H13*$U13*$V13) | AA13: =IF(OR($Z13="",$Y13=""),"",$Z13*$Y13) | AB13: =IF($A13="","",IF(OR($E13="",$G13="",$H13="",$I13="",AND($N13="",COUNT($J13:$L13)<3)),"Missing: "&IF($E13="","P ","")&IF($G13="","T ","")&IF($H13="","I ","")&IF($I13="","C ","")&IF(AND($N13="",COUNT($J13:$L13)<3),"C_ctrl/C_ext/C_irr",""),IF(N($F13)>$E13,"P_floor > P (floor capped at P)","OK"))) | AC13: =IF($AA13="","",$AA13+ROW()/1000000) | AD13: =IF(AND($A13<>"",ISNUMBER($AA13)),1,0) -> 0 | AE13: =IF($AD13=1,$H13,0) -> 0 | AF13: =IF($AD13=1,$E13,0) -> 0 | AG13: =IF($AD13=1,MIN(N($F13),$E13),0) -> 0 | AH13: =IF($AD13=1,$I13,0) -> 0 | AI13: =IF($AD13=1,$G13,1) -> 1 | AJ13: =IF($AD13=1,$V13,1) -> 1 | AK13: =IF($AD13=1,$Y13,1) -> 1
... Q301: =IF(OR($G301="",Setup!$B$5=""),"",Setup!$B$5/$G301) | R301: =IF(OR($E301="",$Q301=""),"",1-(1-$E301)^$Q301) | S301: =IF(OR($R301="",$H301=""),"",$H301*$R301) | T301: =IF(OR($E301="",$I301=""),"",MIN(1,MIN(N($F301),$E301)+($E301-MIN(N($F301),$E301))*(1-$I301))) | U301: =IF(OR($T301="",$Q301=""),"",1-(1-$T301)^$Q301) | V301: =IF($M301<>"",$M301,IF($G301="","",MAX(1,(Setup!$B$6/$G301)^Setup!$B$7))) | W301: =IF(COUNT($J301:$L301)<3,"",Setup!$B$10*(6-$J301)+Setup!$B$11*$K301+Setup!$B$12*$L301) | X301: =IF($W301="","",IF(LEFT(Setup!$B$15,1)="B",EXP(Setup!$B$14*($W301-1)),1+Setup!$B$14*($W301-1))) | Y301: =IF($N301<>"",$N301,$X301) | Z301: =IF(OR($H301="",$U301="",$V301=""),"",$H301*$U301*$V301) | AA301: =IF(OR($Z301="",$Y301=""),"",$Z301*$Y301) | AB301: =IF($A301="","",IF(OR($E301="",$G301="",$H301="",$I301="",AND($N301="",COUNT($J301:$L301)<3)),"Missing: "&IF($E301="","P ","")&IF($G301="","T ","")&IF($H301="","I ","")&IF($I301="","C ","")&IF(AND($N301="",COUNT($J301:$L301)<3),"C_ctrl/C_ext/C_irr",""),IF(N($F301)>$E301,"P_floor > P (floor capped at P)","OK"))) | AC301: =IF($AA301="","",$AA301+ROW()/1000000) | AD301: =IF(AND($A301<>"",ISNUMBER($AA301)),1,0) -> 0 | AE301: =IF($AD301=1,$H301,0) -> 0 | AF301: =IF($AD301=1,$E301,0) -> 0 | AG301: =IF($AD301=1,MIN(N($F301),$E301),0) -> 0 | AH301: =IF($AD301=1,$I301,0) -> 0 | AI301: =IF($AD301=1,$G301,1) -> 1 | AJ301: =IF($AD301=1,$V301,1) -> 1 | AK301: =IF($AD301=1,$Y301,1) -> 1

Sheet Dashboard
A1: Dashboard
A3: Key Metrics | D3: Top Risks by TRE_i | I3: Escalation Annotation (E / N)
A4: Total Governance Exposure (G = Σ TRE_i) | B4: =SUMIF(Risk_Register!$AD$2:$AD$301,1,Risk_Register!$AA$2:$AA$301) -> 0 | D4: Risk_Name | E4: TRE_i | F4: Domain | G4: Escalation_Type | I4: Metric | J4: Value
A5: Acceptance Threshold (A) | B5: =Setup!B22 -> 100 | D5: =IFERROR(INDEX(Risk_Register!$B$2:$B$301,MATCH(LARGE(Risk_Register!$AC$2:$AC$301,1),Risk_Register!$AC$2:$AC$301,0)),"") | E5: =IFERROR(INDEX(Risk_Register!$AA$2:$AA$301,MATCH(LARGE(Risk_Register!$AC$2:$AC$301,1),Risk_Register!$AC$2:$AC$301,0)),"") | F5: =IFERROR(INDEX(Risk_Register!$C$2:$C$301,MATCH(LARGE(Risk_Register!$AC$2:$AC$301,1),Risk_Register!$AC$2:$AC$301,0)),"") | G5: =IFERROR(INDEX(Risk_Register!$O$2:$O$301,MATCH(LARGE(Risk_Register!$AC$2:$AC$301,1),Risk_Register!$AC$2:$AC$301,0)),"") | I5: G_E (Σ TRE_i, Type E) | J5: =SUMIFS(Risk_Register!$AA$2:$AA$301,Risk_Register!$O$2:$O$301,Setup!$C$29,Risk_Register!$AD$2:$AD$301,1) -> 0
A6: Risk Load Ratio (LR = G / A) | B6: =IF(OR(B5="",B5=0),"",B4/B5) -> 0 | D6: =IFERROR(INDEX(Risk_Register!$B$2:$B$301,MATCH(LARGE(Risk_Register!$AC$2:$AC$301,2),Risk_Register!$AC$2:$AC$301,0)),"") | E6: =IFERROR(INDEX(Risk_Register!$AA$2:$AA$301,MATCH(LARGE(Risk_Register!$AC$2:$AC$301,2),Risk_Register!$AC$2:$AC$301,0)),"") | F6: =IFERROR(INDEX(Risk_Register!$C$2:$C$301,MATCH(LARGE(Risk_Register!$AC$2:$AC$301,2),Risk_Register!$AC$2:$AC$301,0)),"") | G6: =IFERROR(INDEX(Risk_Register!$O$2:$O$301,MATCH(LARGE(Risk_Register!$AC$2:$AC$301,2),Risk_Register!$AC$2:$AC$301,0)),"") | I6: G_N (Σ TRE_i, Type N) | J6: =SUMIFS(Risk_Register!$AA$2:$AA$301,Risk_Register!$O$2:$O$301,Setup!$C$30,Risk_Register!$AD$2:$AD$301,1) -> 0
A7: LR Status | B7: =IF(B6="","",IF(B6<=Setup!$B$25,"Green",IF(B6<Setup!$B$26,"Yellow","Red"))) -> Green | D7: =IFERROR(INDEX(Risk_Register!$B$2:$B$301,MATCH(LARGE(Risk_Register!$AC$2:$AC$301,3),Risk_Register!$AC$2:$AC$301,0)),"") | E7: =IFERROR(INDEX(Risk_Register!$AA$2:$AA$301,MATCH(LARGE(Risk_Register!$AC$2:$AC$301,3),Risk_Register!$AC$2:$AC$301,0)),"") | F7: =IFERROR(INDEX(Risk_Register!$C$2:$C$301,MATCH(LARGE(Risk_Register!$AC$2:$AC$301,3),Risk_Register!$AC$2:$AC$301,0)),"") | G7: =IFERROR(INDEX(Risk_Register!$O$2:$O$301,MATCH(LARGE(Risk_Register!$AC$2:$AC$301,3),Risk_Register!$AC$2:$AC$301,0)),"") | I7: Type E share of G | J7: =IF(OR($B$4="",$B$4=0),"",J5/$B$4)
A8: Risks included (complete rows) | B8: =SUM(Risk_Register!$AD$2:$AD$301) -> 0 | D8: =IFERROR(INDEX(Risk_Register!$B$2:$B$301,MATCH(LARGE(Risk_Register!$AC$2:$AC$301,4),Risk_Register!$AC$2:$AC$301,0)),"") | E8: =IFERROR(INDEX(Risk_Register!$AA$2:$AA$301,MATCH(LARGE(Risk_Register!$AC$2:$AC$301,4),Risk_Register!$AC$2:$AC$301,0)),"") | F8: =IFERROR(INDEX(Risk_Register!$C$2:$C$301,MATCH(LARGE(Risk_Register!$AC$2:$AC$301,4),Risk_Register!$AC$2:$AC$301,0)),"") | G8: =IFERROR(INDEX(Risk_Register!$O$2:$O$301,MATCH(LARGE(Risk_Register!$AC$2:$AC$301,4),Risk_Register!$AC$2:$AC$301,0)),"") | I8: # Type E risks | J8: =COUNTIFS(Risk_Register!$O$2:$O$301,Setup!$C$29,Risk_Register!$AD$2:$AD$301,1) -> 0
A9: Rows with missing inputs | B9: =COUNTIF(Risk_Register!$A$2:$A$301,"<>")-B8 -> 0 | D9: =IFERROR(INDEX(Risk_Register!$B$2:$B$301,MATCH(LARGE(Risk_Register!$AC$2:$AC$301,5),Risk_Register!$AC$2:$AC$301,0)),"") | E9: =IFERROR(INDEX(Risk_Register!$AA$2:$AA$301,MATCH(LARGE(Risk_Register!$AC$2:$AC$301,5),Risk_Register!$AC$2:$AC$301,0)),"") | F9: =IFERROR(INDEX(Risk_Register!$C$2:$C$301,MATCH(LARGE(Risk_Register!$AC$2:$AC$301,5),Risk_Register!$AC$2:$AC$301,0)),"") | G9: =IFERROR(INDEX(Risk_Register!$O$2:$O$301,MATCH(LARGE(Risk_Register!$AC$2:$AC$301,5),Risk_Register!$AC$2:$AC$301,0)),"") | I9: # Type E in Top 10 | J9: =COUNTIF(G5:G14,Setup!$C$29) -> 0
A10: Observation horizon H | B10: =Setup!B5&" "&Setup!B4 -> 36 months | D10: =IFERROR(INDEX(Risk_Register!$B$2:$B$301,MATCH(LARGE(Risk_Register!$AC$2:$AC$301,6),Risk_Register!$AC$2:$AC$301,0)),"") | E10: =IFERROR(INDEX(Risk_Register!$AA$2:$AA$301,MATCH(LARGE(Risk_Register!$AC$2:$AC$301,6),Risk_Register!$AC$2:$AC$301,0)),"") | F10: =IFERROR(INDEX(Risk_Register!$C$2:$C$301,MATCH(LARGE(Risk_Register!$AC$2:$AC$301,6),Risk_Register!$AC$2:$AC$301,0)),"") | G10: =IFERROR(INDEX(Risk_Register!$O$2:$O$301,MATCH(LARGE(Risk_Register!$AC$2:$AC$301,6),Risk_Register!$AC$2:$AC$301,0)),"")
A11: ="Status bands: Green ≤ "&TEXT(Setup!B25,"0.00")&" < Yellow < "&TEXT(Setup!B26,"0.00")&" ≤ Red (edit in Setup)." -> Status bands: Green ≤ 0.80 < Yellow < 1.00 ≤ Red (edit in Setup). | D11: =IFERROR(INDEX(Risk_Register!$B$2:$B$301,MATCH(LARGE(Risk_Register!$AC$2:$AC$301,7),Risk_Register!$AC$2:$AC$301,0)),"") | E11: =IFERROR(INDEX(Risk_Register!$AA$2:$AA$301,MATCH(LARGE(Risk_Register!$AC$2:$AC$301,7),Risk_Register!$AC$2:$AC$301,0)),"") | F11: =IFERROR(INDEX(Risk_Register!$C$2:$C$301,MATCH(LARGE(Risk_Register!$AC$2:$AC$301,7),Risk_Register!$AC$2:$AC$301,0)),"") | G11: =IFERROR(INDEX(Risk_Register!$O$2:$O$301,MATCH(LARGE(Risk_Register!$AC$2:$AC$301,7),Risk_Register!$AC$2:$AC$301,0)),"") | I11: Per the methodology, E/N is priority metadata only: it does not change G or LR and is not re-quantified (no separate LR_E).
D12: =IFERROR(INDEX(Risk_Register!$B$2:$B$301,MATCH(LARGE(Risk_Register!$AC$2:$AC$301,8),Risk_Register!$AC$2:$AC$301,0)),"") | E12: =IFERROR(INDEX(Risk_Register!$AA$2:$AA$301,MATCH(LARGE(Risk_Register!$AC$2:$AC$301,8),Risk_Register!$AC$2:$AC$301,0)),"") | F12: =IFERROR(INDEX(Risk_Register!$C$2:$C$301,MATCH(LARGE(Risk_Register!$AC$2:$AC$301,8),Risk_Register!$AC$2:$AC$301,0)),"") | G12: =IFERROR(INDEX(Risk_Register!$O$2:$O$301,MATCH(LARGE(Risk_Register!$AC$2:$AC$301,8),Risk_Register!$AC$2:$AC$301,0)),"")
A13: Domain Composition (Σ TRE_i) | D13: =IFERROR(INDEX(Risk_Register!$B$2:$B$301,MATCH(LARGE(Risk_Register!$AC$2:$AC$301,9),Risk_Register!$AC$2:$AC$301,0)),"") | E13: =IFERROR(INDEX(Risk_Register!$AA$2:$AA$301,MATCH(LARGE(Risk_Register!$AC$2:$AC$301,9),Risk_Register!$AC$2:$AC$301,0)),"") | F13: =IFERROR(INDEX(Risk_Register!$C$2:$C$301,MATCH(LARGE(Risk_Register!$AC$2:$AC$301,9),Risk_Register!$AC$2:$AC$301,0)),"") | G13: =IFERROR(INDEX(Risk_Register!$O$2:$O$301,MATCH(LARGE(Risk_Register!$AC$2:$AC$301,9),Risk_Register!$AC$2:$AC$301,0)),"")
A14: Domain | B14: Σ TRE_i | C14: Share of G | D14: =IFERROR(INDEX(Risk_Register!$B$2:$B$301,MATCH(LARGE(Risk_Register!$AC$2:$AC$301,10),Risk_Register!$AC$2:$AC$301,0)),"") | E14: =IFERROR(INDEX(Risk_Register!$AA$2:$AA$301,MATCH(LARGE(Risk_Register!$AC$2:$AC$301,10),Risk_Register!$AC$2:$AC$301,0)),"") | F14: =IFERROR(INDEX(Risk_Register!$C$2:$C$301,MATCH(LARGE(Risk_Register!$AC$2:$AC$301,10),Risk_Register!$AC$2:$AC$301,0)),"") | G14: =IFERROR(INDEX(Risk_Register!$O$2:$O$301,MATCH(LARGE(Risk_Register!$AC$2:$AC$301,10),Risk_Register!$AC$2:$AC$301,0)),"")
A15: =Setup!A29 -> Technology | B15: =SUMIFS(Risk_Register!$AA$2:$AA$301,Risk_Register!$C$2:$C$301,$A15,Risk_Register!$AD$2:$AD$301,1) -> 0 | C15: =IF(OR($B$4="",$B$4=0),"",B15/$B$4)
A16: =Setup!A30 -> Operations | B16: =SUMIFS(Risk_Register!$AA$2:$AA$301,Risk_Register!$C$2:$C$301,$A16,Risk_Register!$AD$2:$AD$301,1) -> 0 | C16: =IF(OR($B$4="",$B$4=0),"",B16/$B$4)
A17: =Setup!A31 -> Compliance | B17: =SUMIFS(Risk_Register!$AA$2:$AA$301,Risk_Register!$C$2:$C$301,$A17,Risk_Register!$AD$2:$AD$301,1) -> 0 | C17: =IF(OR($B$4="",$B$4=0),"",B17/$B$4)
A18: =Setup!A32 -> Security | B18: =SUMIFS(Risk_Register!$AA$2:$AA$301,Risk_Register!$C$2:$C$301,$A18,Risk_Register!$AD$2:$AD$301,1) -> 0 | C18: =IF(OR($B$4="",$B$4=0),"",B18/$B$4)
A19: =Setup!A33 -> Strategy | B19: =SUMIFS(Risk_Register!$AA$2:$AA$301,Risk_Register!$C$2:$C$301,$A19,Risk_Register!$AD$2:$AD$301,1) -> 0 | C19: =IF(OR($B$4="",$B$4=0),"",B19/$B$4)
A20: =Setup!A34 -> Supply Chain | B20: =SUMIFS(Risk_Register!$AA$2:$AA$301,Risk_Register!$C$2:$C$301,$A20,Risk_Register!$AD$2:$AD$301,1) -> 0 | C20: =IF(OR($B$4="",$B$4=0),"",B20/$B$4)

Sheet Scenarios
A1: Scenario Comparison
A3: How it works
A4: Each scenario re-runs the full model on the same risk register with adjusted governance levers: C_s = min(1, C + ΔC) → P_gov,s = P_floor + (P − P_floor)(1 − C_s) N_s = H_s / T (H_s blank → Setup H) τ_s = max(1, τ × τ_mult) TF_s = max(1, TF_used × TF_mult) G_s = Σ I × [1 − (1 − P_gov,s)^N_s] × τ_s × TF_s LR_s = G_s / A_s (A_s blank → Setup A)
A6: Scenario Inputs
A8: Scenario | B8: A_s | C8: ΔC | D8: tau_mult | E8: TF_mult | F8: H_s | G8: G_s | H8: LR_s | I8: Status | J8: ΔLR vs Base
A9: Base | C9: 0 | D9: 1 | E9: 1 | G9: =SUMPRODUCT(Risk_Register!$AD$2:$AD$301,Risk_Register!$AE$2:$AE$301,1-(1-((((Risk_Register!$AG$2:$AG$301+(Risk_Register!$AF$2:$AF$301-Risk_Register!$AG$2:$AG$301)*(1-((Risk_Register!$AH$2:$AH$301+$C9)+1-ABS((Risk_Register!$AH$2:$AH$301+$C9)-1))/2)))+1-ABS(((Risk_Register!$AG$2:$AG$301+(Risk_Register!$AF$2:$AF$301-Risk_Register!$AG$2:$AG$301)*(1-((Risk_Register!$AH$2:$AH$301+$C9)+1-ABS((Risk_Register!$AH$2:$AH$301+$C9)-1))/2)))-1))/2))^(IF($F9="",Setup!$B$5,$F9)/Risk_Register!$AI$2:$AI$301),(Risk_Register!$AJ$2:$AJ$301*$D9+1+ABS(Risk_Register!$AJ$2:$AJ$301*$D9-1))/2,(Risk_Register!$AK$2:$AK$301*$E9+1+ABS(Risk_Register!$AK$2:$AK$301*$E9-1))/2) -> 0 | H9: =IF(IF($B9="",Setup!$B$22,$B9)="","",$G9/IF($B9="",Setup!$B$22,$B9)) -> 0 | I9: =IF($H9="","",IF($H9<=Setup!$B$25,"Green",IF($H9<Setup!$B$26,"Yellow","Red"))) -> Green
A10: Governance +0.1 (C) | C10: 0.1 | D10: 1 | E10: 1 | G10: =SUMPRODUCT(Risk_Register!$AD$2:$AD$301,Risk_Register!$AE$2:$AE$301,1-(1-((((Risk_Register!$AG$2:$AG$301+(Risk_Register!$AF$2:$AF$301-Risk_Register!$AG$2:$AG$301)*(1-((Risk_Register!$AH$2:$AH$301+$C10)+1-ABS((Risk_Register!$AH$2:$AH$301+$C10)-1))/2)))+1-ABS(((Risk_Register!$AG$2:$AG$301+(Risk_Register!$AF$2:$AF$301-Risk_Register!$AG$2:$AG$301)*(1-((Risk_Register!$AH$2:$AH$301+$C10)+1-ABS((Risk_Register!$AH$2:$AH$301+$C10)-1))/2)))-1))/2))^(IF($F10="",Setup!$B$5,$F10)/Risk_Register!$AI$2:$AI$301),(Risk_Register!$AJ$2:$AJ$301*$D10+1+ABS(Risk_Register!$AJ$2:$AJ$301*$D10-1))/2,(Risk_Register!$AK$2:$AK$301*$E10+1+ABS(Risk_Register!$AK$2:$AK$301*$E10-1))/2) -> 0 | H10: =IF(IF($B10="",Setup!$B$22,$B10)="","",$G10/IF($B10="",Setup!$B$22,$B10)) -> 0 | I10: =IF($H10="","",IF($H10<=Setup!$B$25,"Green",IF($H10<Setup!$B$26,"Yellow","Red"))) -> Green | J10: =IF(OR($H10="",$H$9=""),"",$H10-$H$9) -> 0
A11: Faster tempo (τ × 1.2) | C11: 0 | D11: 1.2 | E11: 1 | G11: =SUMPRODUCT(Risk_Register!$AD$2:$AD$301,Risk_Register!$AE$2:$AE$301,1-(1-((((Risk_Register!$AG$2:$AG$301+(Risk_Register!$AF$2:$AF$301-Risk_Register!$AG$2:$AG$301)*(1-((Risk_Register!$AH$2:$AH$301+$C11)+1-ABS((Risk_Register!$AH$2:$AH$301+$C11)-1))/2)))+1-ABS(((Risk_Register!$AG$2:$AG$301+(Risk_Register!$AF$2:$AF$301-Risk_Register!$AG$2:$AG$301)*(1-((Risk_Register!$AH$2:$AH$301+$C11)+1-ABS((Risk_Register!$AH$2:$AH$301+$C11)-1))/2)))-1))/2))^(IF($F11="",Setup!$B$5,$F11)/Risk_Register!$AI$2:$AI$301),(Risk_Register!$AJ$2:$AJ$301*$D11+1+ABS(Risk_Register!$AJ$2:$AJ$301*$D11-1))/2,(Risk_Register!$AK$2:$AK$301*$E11+1+ABS(Risk_Register!$AK$2:$AK$301*$E11-1))/2) -> 0 | H11: =IF(IF($B11="",Setup!$B$22,$B11)="","",$G11/IF($B11="",Setup!$B$22,$B11)) -> 0 | I11: =IF($H11="","",IF($H11<=Setup!$B$25,"Green",IF($H11<Setup!$B$26,"Yellow","Red"))) -> Green | J11: =IF(OR($H11="",$H$9=""),"",$H11-$H$9) -> 0
A12: Typology relief (TF × 0.9) | C12: 0 | D12: 1 | E12: 0.9 | G12: =SUMPRODUCT(Risk_Register!$AD$2:$AD$301,Risk_Register!$AE$2:$AE$301,1-(1-((((Risk_Register!$AG$2:$AG$301+(Risk_Register!$AF$2:$AF$301-Risk_Register!$AG$2:$AG$301)*(1-((Risk_Register!$AH$2:$AH$301+$C12)+1-ABS((Risk_Register!$AH$2:$AH$301+$C12)-1))/2)))+1-ABS(((Risk_Register!$AG$2:$AG$301+(Risk_Register!$AF$2:$AF$301-Risk_Register!$AG$2:$AG$301)*(1-((Risk_Register!$AH$2:$AH$301+$C12)+1-ABS((Risk_Register!$AH$2:$AH$301+$C12)-1))/2)))-1))/2))^(IF($F12="",Setup!$B$5,$F12)/Risk_Register!$AI$2:$AI$301),(Risk_Register!$AJ$2:$AJ$301*$D12+1+ABS(Risk_Register!$AJ$2:$AJ$301*$D12-1))/2,(Risk_Register!$AK$2:$AK$301*$E12+1+ABS(Risk_Register!$AK$2:$AK$301*$E12-1))/2) -> 0 | H12: =IF(IF($B12="",Setup!$B$22,$B12)="","",$G12/IF($B12="",Setup!$B$22,$B12)) -> 0 | I12: =IF($H12="","",IF($H12<=Setup!$B$25,"Green",IF($H12<Setup!$B$26,"Yellow","Red"))) -> Green | J12: =IF(OR($H12="",$H$9=""),"",$H12-$H$9) -> 0
A13: Longer horizon (H = 60) | C13: 0 | D13: 1 | E13: 1 | F13: 60 | G13: =SUMPRODUCT(Risk_Register!$AD$2:$AD$301,Risk_Register!$AE$2:$AE$301,1-(1-((((Risk_Register!$AG$2:$AG$301+(Risk_Register!$AF$2:$AF$301-Risk_Register!$AG$2:$AG$301)*(1-((Risk_Register!$AH$2:$AH$301+$C13)+1-ABS((Risk_Register!$AH$2:$AH$301+$C13)-1))/2)))+1-ABS(((Risk_Register!$AG$2:$AG$301+(Risk_Register!$AF$2:$AF$301-Risk_Register!$AG$2:$AG$301)*(1-((Risk_Register!$AH$2:$AH$301+$C13)+1-ABS((Risk_Register!$AH$2:$AH$301+$C13)-1))/2)))-1))/2))^(IF($F13="",Setup!$B$5,$F13)/Risk_Register!$AI$2:$AI$301),(Risk_Register!$AJ$2:$AJ$301*$D13+1+ABS(Risk_Register!$AJ$2:$AJ$301*$D13-1))/2,(Risk_Register!$AK$2:$AK$301*$E13+1+ABS(Risk_Register!$AK$2:$AK$301*$E13-1))/2) -> 0 | H13: =IF(IF($B13="",Setup!$B$22,$B13)="","",$G13/IF($B13="",Setup!$B$22,$B13)) -> 0 | I13: =IF($H13="","",IF($H13<=Setup!$B$25,"Green",IF($H13<Setup!$B$26,"Yellow","Red"))) -> Green | J13: =IF(OR($H13="",$H$9=""),"",$H13-$H$9) -> 0
A15: Check: the Base row (ΔC = 0, multipliers = 1, H_s and A_s blank) must equal Dashboard G and LR. τ_mult > 1 models a faster, more pressured tempo; τ and TF never drop below 1.
A16: =IF(ABS(G9-Dashboard!B4)<0.000001,"Base = Dashboard ✓","WARNING: Base ≠ Dashboard G — check register") -> Base = Dashboard ✓

Sheet Summary
A1: Summary Exports (Governance-ready)
A3: Key Outputs | D3: Domain × Σ TRE_i
A4: G (Total Governance Exposure) | B4: =Dashboard!B4 -> 0 | D4: Domain | E4: Σ TRE_i
A5: A (Acceptance Threshold) | B5: =Dashboard!B5 -> 100 | D5: =Setup!A29 -> Technology | E5: =SUMIFS(Risk_Register!$AA$2:$AA$301,Risk_Register!$C$2:$C$301,$D5,Risk_Register!$AD$2:$AD$301,1) -> 0
A6: LR = G / A | B6: =Dashboard!B6 -> 0 | D6: =Setup!A30 -> Operations | E6: =SUMIFS(Risk_Register!$AA$2:$AA$301,Risk_Register!$C$2:$C$301,$D6,Risk_Register!$AD$2:$AD$301,1) -> 0
A7: LR Status | B7: =Dashboard!B7 -> Green | D7: =Setup!A31 -> Compliance | E7: =SUMIFS(Risk_Register!$AA$2:$AA$301,Risk_Register!$C$2:$C$301,$D7,Risk_Register!$AD$2:$AD$301,1) -> 0
A8: G_E (Type E, annotation) | B8: =Dashboard!J5 -> 0 | D8: =Setup!A32 -> Security | E8: =SUMIFS(Risk_Register!$AA$2:$AA$301,Risk_Register!$C$2:$C$301,$D8,Risk_Register!$AD$2:$AD$301,1) -> 0
A9: Type E share of G | B9: =Dashboard!J7 | D9: =Setup!A33 -> Strategy | E9: =SUMIFS(Risk_Register!$AA$2:$AA$301,Risk_Register!$C$2:$C$301,$D9,Risk_Register!$AD$2:$AD$301,1) -> 0
D10: =Setup!A34 -> Supply Chain | E10: =SUMIFS(Risk_Register!$AA$2:$AA$301,Risk_Register!$C$2:$C$301,$D10,Risk_Register!$AD$2:$AD$301,1) -> 0
A12: Top Risks (stable ranking by TRE_i)
A13: Rank | B13: Risk_ID | C13: Risk_Name | D13: Domain | E13: TRE_i | F13: Escalation_Type | G13: RE | H13: TF_used | I13: Score (hidden)
A14: 1 | B14: =IF($I14="","",INDEX(Risk_Register!$A$2:$A$301,MATCH($I14,Risk_Register!$AC$2:$AC$301,0))) | C14: =IF($I14="","",INDEX(Risk_Register!$B$2:$B$301,MATCH($I14,Risk_Register!$AC$2:$AC$301,0))) | D14: =IF($I14="","",INDEX(Risk_Register!$C$2:$C$301,MATCH($I14,Risk_Register!$AC$2:$AC$301,0))) | E14: =IF($I14="","",INDEX(Risk_Register!$AA$2:$AA$301,MATCH($I14,Risk_Register!$AC$2:$AC$301,0))) | F14: =IF($I14="","",INDEX(Risk_Register!$O$2:$O$301,MATCH($I14,Risk_Register!$AC$2:$AC$301,0))) | G14: =IF($I14="","",INDEX(Risk_Register!$Z$2:$Z$301,MATCH($I14,Risk_Register!$AC$2:$AC$301,0))) | H14: =IF($I14="","",INDEX(Risk_Register!$Y$2:$Y$301,MATCH($I14,Risk_Register!$AC$2:$AC$301,0))) | I14: =IFERROR(LARGE(Risk_Register!$AC$2:$AC$301,1),"")
A15: 2 | B15: =IF($I15="","",INDEX(Risk_Register!$A$2:$A$301,MATCH($I15,Risk_Register!$AC$2:$AC$301,0))) | C15: =IF($I15="","",INDEX(Risk_Register!$B$2:$B$301,MATCH($I15,Risk_Register!$AC$2:$AC$301,0))) | D15: =IF($I15="","",INDEX(Risk_Register!$C$2:$C$301,MATCH($I15,Risk_Register!$AC$2:$AC$301,0))) | E15: =IF($I15="","",INDEX(Risk_Register!$AA$2:$AA$301,MATCH($I15,Risk_Register!$AC$2:$AC$301,0))) | F15: =IF($I15="","",INDEX(Risk_Register!$O$2:$O$301,MATCH($I15,Risk_Register!$AC$2:$AC$301,0))) | G15: =IF($I15="","",INDEX(Risk_Register!$Z$2:$Z$301,MATCH($I15,Risk_Register!$AC$2:$AC$301,0))) | H15: =IF($I15="","",INDEX(Risk_Register!$Y$2:$Y$301,MATCH($I15,Risk_Register!$AC$2:$AC$301,0))) | I15: =IFERROR(LARGE(Risk_Register!$AC$2:$AC$301,2),"")
A16: 3 | B16: =IF($I16="","",INDEX(Risk_Register!$A$2:$A$301,MATCH($I16,Risk_Register!$AC$2:$AC$301,0))) | C16: =IF($I16="","",INDEX(Risk_Register!$B$2:$B$301,MATCH($I16,Risk_Register!$AC$2:$AC$301,0))) | D16: =IF($I16="","",INDEX(Risk_Register!$C$2:$C$301,MATCH($I16,Risk_Register!$AC$2:$AC$301,0))) | E16: =IF($I16="","",INDEX(Risk_Register!$AA$2:$AA$301,MATCH($I16,Risk_Register!$AC$2:$AC$301,0))) | F16: =IF($I16="","",INDEX(Risk_Register!$O$2:$O$301,MATCH($I16,Risk_Register!$AC$2:$AC$301,0))) | G16: =IF($I16="","",INDEX(Risk_Register!$Z$2:$Z$301,MATCH($I16,Risk_Register!$AC$2:$AC$301,0))) | H16: =IF($I16="","",INDEX(Risk_Register!$Y$2:$Y$301,MATCH($I16,Risk_Register!$AC$2:$AC$301,0))) | I16: =IFERROR(LARGE(Risk_Register!$AC$2:$AC$301,3),"")
A17: 4 | B17: =IF($I17="","",INDEX(Risk_Register!$A$2:$A$301,MATCH($I17,Risk_Register!$AC$2:$AC$301,0))) | C17: =IF($I17="","",INDEX(Risk_Register!$B$2:$B$301,MATCH($I17,Risk_Register!$AC$2:$AC$301,0))) | D17: =IF($I17="","",INDEX(Risk_Register!$C$2:$C$301,MATCH($I17,Risk_Register!$AC$2:$AC$301,0))) | E17: =IF($I17="","",INDEX(Risk_Register!$AA$2:$AA$301,MATCH($I17,Risk_Register!$AC$2:$AC$301,0))) | F17: =IF($I17="","",INDEX(Risk_Register!$O$2:$O$301,MATCH($I17,Risk_Register!$AC$2:$AC$301,0))) | G17: =IF($I17="","",INDEX(Risk_Register!$Z$2:$Z$301,MATCH($I17,Risk_Register!$AC$2:$AC$301,0))) | H17: =IF($I17="","",INDEX(Risk_Register!$Y$2:$Y$301,MATCH($I17,Risk_Register!$AC$2:$AC$301,0))) | I17: =IFERROR(LARGE(Risk_Register!$AC$2:$AC$301,4),"")
A18: 5 | B18: =IF($I18="","",INDEX(Risk_Register!$A$2:$A$301,MATCH($I18,Risk_Register!$AC$2:$AC$301,0))) | C18: =IF($I18="","",INDEX(Risk_Register!$B$2:$B$301,MATCH($I18,Risk_Register!$AC$2:$AC$301,0))) | D18: =IF($I18="","",INDEX(Risk_Register!$C$2:$C$301,MATCH($I18,Risk_Register!$AC$2:$AC$301,0))) | E18: =IF($I18="","",INDEX(Risk_Register!$AA$2:$AA$301,MATCH($I18,Risk_Register!$AC$2:$AC$301,0))) | F18: =IF($I18="","",INDEX(Risk_Register!$O$2:$O$301,MATCH($I18,Risk_Register!$AC$2:$AC$301,0))) | G18: =IF($I18="","",INDEX(Risk_Register!$Z$2:$Z$301,MATCH($I18,Risk_Register!$AC$2:$AC$301,0))) | H18: =IF($I18="","",INDEX(Risk_Register!$Y$2:$Y$301,MATCH($I18,Risk_Register!$AC$2:$AC$301,0))) | I18: =IFERROR(LARGE(Risk_Register!$AC$2:$AC$301,5),"")
A19: 6 | B19: =IF($I19="","",INDEX(Risk_Register!$A$2:$A$301,MATCH($I19,Risk_Register!$AC$2:$AC$301,0))) | C19: =IF($I19="","",INDEX(Risk_Register!$B$2:$B$301,MATCH($I19,Risk_Register!$AC$2:$AC$301,0))) | D19: =IF($I19="","",INDEX(Risk_Register!$C$2:$C$301,MATCH($I19,Risk_Register!$AC$2:$AC$301,0))) | E19: =IF($I19="","",INDEX(Risk_Register!$AA$2:$AA$301,MATCH($I19,Risk_Register!$AC$2:$AC$301,0))) | F19: =IF($I19="","",INDEX(Risk_Register!$O$2:$O$301,MATCH($I19,Risk_Register!$AC$2:$AC$301,0))) | G19: =IF($I19="","",INDEX(Risk_Register!$Z$2:$Z$301,MATCH($I19,Risk_Register!$AC$2:$AC$301,0))) | H19: =IF($I19="","",INDEX(Risk_Register!$Y$2:$Y$301,MATCH($I19,Risk_Register!$AC$2:$AC$301,0))) | I19: =IFERROR(LARGE(Risk_Register!$AC$2:$AC$301,6),"")
A20: 7 | B20: =IF($I20="","",INDEX(Risk_Register!$A$2:$A$301,MATCH($I20,Risk_Register!$AC$2:$AC$301,0))) | C20: =IF($I20="","",INDEX(Risk_Register!$B$2:$B$301,MATCH($I20,Risk_Register!$AC$2:$AC$301,0))) | D20: =IF($I20="","",INDEX(Risk_Register!$C$2:$C$301,MATCH($I20,Risk_Register!$AC$2:$AC$301,0))) | E20: =IF($I20="","",INDEX(Risk_Register!$AA$2:$AA$301,MATCH($I20,Risk_Register!$AC$2:$AC$301,0))) | F20: =IF($I20="","",INDEX(Risk_Register!$O$2:$O$301,MATCH($I20,Risk_Register!$AC$2:$AC$301,0))) | G20: =IF($I20="","",INDEX(Risk_Register!$Z$2:$Z$301,MATCH($I20,Risk_Register!$AC$2:$AC$301,0))) | H20: =IF($I20="","",INDEX(Risk_Register!$Y$2:$Y$301,MATCH($I20,Risk_Register!$AC$2:$AC$301,0))) | I20: =IFERROR(LARGE(Risk_Register!$AC$2:$AC$301,7),"")
A21: 8 | B21: =IF($I21="","",INDEX(Risk_Register!$A$2:$A$301,MATCH($I21,Risk_Register!$AC$2:$AC$301,0))) | C21: =IF($I21="","",INDEX(Risk_Register!$B$2:$B$301,MATCH($I21,Risk_Register!$AC$2:$AC$301,0))) | D21: =IF($I21="","",INDEX(Risk_Register!$C$2:$C$301,MATCH($I21,Risk_Register!$AC$2:$AC$301,0))) | E21: =IF($I21="","",INDEX(Risk_Register!$AA$2:$AA$301,MATCH($I21,Risk_Register!$AC$2:$AC$301,0))) | F21: =IF($I21="","",INDEX(Risk_Register!$O$2:$O$301,MATCH($I21,Risk_Register!$AC$2:$AC$301,0))) | G21: =IF($I21="","",INDEX(Risk_Register!$Z$2:$Z$301,MATCH($I21,Risk_Register!$AC$2:$AC$301,0))) | H21: =IF($I21="","",INDEX(Risk_Register!$Y$2:$Y$301,MATCH($I21,Risk_Register!$AC$2:$AC$301,0))) | I21: =IFERROR(LARGE(Risk_Register!$AC$2:$AC$301,8),"")
A22: 9 | B22: =IF($I22="","",INDEX(Risk_Register!$A$2:$A$301,MATCH($I22,Risk_Register!$AC$2:$AC$301,0))) | C22: =IF($I22="","",INDEX(Risk_Register!$B$2:$B$301,MATCH($I22,Risk_Register!$AC$2:$AC$301,0))) | D22: =IF($I22="","",INDEX(Risk_Register!$C$2:$C$301,MATCH($I22,Risk_Register!$AC$2:$AC$301,0))) | E22: =IF($I22="","",INDEX(Risk_Register!$AA$2:$AA$301,MATCH($I22,Risk_Register!$AC$2:$AC$301,0))) | F22: =IF($I22="","",INDEX(Risk_Register!$O$2:$O$301,MATCH($I22,Risk_Register!$AC$2:$AC$301,0))) | G22: =IF($I22="","",INDEX(Risk_Register!$Z$2:$Z$301,MATCH($I22,Risk_Register!$AC$2:$AC$301,0))) | H22: =IF($I22="","",INDEX(Risk_Register!$Y$2:$Y$301,MATCH($I22,Risk_Register!$AC$2:$AC$301,0))) | I22: =IFERROR(LARGE(Risk_Register!$AC$2:$AC$301,9),"")
A23: 10 | B23: =IF($I23="","",INDEX(Risk_Register!$A$2:$A$301,MATCH($I23,Risk_Register!$AC$2:$AC$301,0))) | C23: =IF($I23="","",INDEX(Risk_Register!$B$2:$B$301,MATCH($I23,Risk_Register!$AC$2:$AC$301,0))) | D23: =IF($I23="","",INDEX(Risk_Register!$C$2:$C$301,MATCH($I23,Risk_Register!$AC$2:$AC$301,0))) | E23: =IF($I23="","",INDEX(Risk_Register!$AA$2:$AA$301,MATCH($I23,Risk_Register!$AC$2:$AC$301,0))) | F23: =IF($I23="","",INDEX(Risk_Register!$O$2:$O$301,MATCH($I23,Risk_Register!$AC$2:$AC$301,0))) | G23: =IF($I23="","",INDEX(Risk_Register!$Z$2:$Z$301,MATCH($I23,Risk_Register!$AC$2:$AC$301,0))) | H23: =IF($I23="","",INDEX(Risk_Register!$Y$2:$Y$301,MATCH($I23,Risk_Register!$AC$2:$AC$301,0))) | I23: =IFERROR(LARGE(Risk_Register!$AC$2:$AC$301,10),"")
A24: 11 | B24: =IF($I24="","",INDEX(Risk_Register!$A$2:$A$301,MATCH($I24,Risk_Register!$AC$2:$AC$301,0))) | C24: =IF($I24="","",INDEX(Risk_Register!$B$2:$B$301,MATCH($I24,Risk_Register!$AC$2:$AC$301,0))) | D24: =IF($I24="","",INDEX(Risk_Register!$C$2:$C$301,MATCH($I24,Risk_Register!$AC$2:$AC$301,0))) | E24: =IF($I24="","",INDEX(Risk_Register!$AA$2:$AA$301,MATCH($I24,Risk_Register!$AC$2:$AC$301,0))) | F24: =IF($I24="","",INDEX(Risk_Register!$O$2:$O$301,MATCH($I24,Risk_Register!$AC$2:$AC$301,0))) | G24: =IF($I24="","",INDEX(Risk_Register!$Z$2:$Z$301,MATCH($I24,Risk_Register!$AC$2:$AC$301,0))) | H24: =IF($I24="","",INDEX(Risk_Register!$Y$2:$Y$301,MATCH($I24,Risk_Register!$AC$2:$AC$301,0))) | I24: =IFERROR(LARGE(Risk_Register!$AC$2:$AC$301,11),"")
A25: 12 | B25: =IF($I25="","",INDEX(Risk_Register!$A$2:$A$301,MATCH($I25,Risk_Register!$AC$2:$AC$301,0))) | C25: =IF($I25="","",INDEX(Risk_Register!$B$2:$B$301,MATCH($I25,Risk_Register!$AC$2:$AC$301,0))) | D25: =IF($I25="","",INDEX(Risk_Register!$C$2:$C$301,MATCH($I25,Risk_Register!$AC$2:$AC$301,0))) | E25: =IF($I25="","",INDEX(Risk_Register!$AA$2:$AA$301,MATCH($I25,Risk_Register!$AC$2:$AC$301,0))) | F25: =IF($I25="","",INDEX(Risk_Register!$O$2:$O$301,MATCH($I25,Risk_Register!$AC$2:$AC$301,0))) | G25: =IF($I25="","",INDEX(Risk_Register!$Z$2:$Z$301,MATCH($I25,Risk_Register!$AC$2:$AC$301,0))) | H25: =IF($I25="","",INDEX(Risk_Register!$Y$2:$Y$301,MATCH($I25,Risk_Register!$AC$2:$AC$301,0))) | I25: =IFERROR(LARGE(Risk_Register!$AC$2:$AC$301,12),"")
A26: 13 | B26: =IF($I26="","",INDEX(Risk_Register!$A$2:$A$301,MATCH($I26,Risk_Register!$AC$2:$AC$301,0))) | C26: =IF($I26="","",INDEX(Risk_Register!$B$2:$B$301,MATCH($I26,Risk_Register!$AC$2:$AC$301,0))) | D26: =IF($I26="","",INDEX(Risk_Register!$C$2:$C$301,MATCH($I26,Risk_Register!$AC$2:$AC$301,0))) | E26: =IF($I26="","",INDEX(Risk_Register!$AA$2:$AA$301,MATCH($I26,Risk_Register!$AC$2:$AC$301,0))) | F26: =IF($I26="","",INDEX(Risk_Register!$O$2:$O$301,MATCH($I26,Risk_Register!$AC$2:$AC$301,0))) | G26: =IF($I26="","",INDEX(Risk_Register!$Z$2:$Z$301,MATCH($I26,Risk_Register!$AC$2:$AC$301,0))) | H26: =IF($I26="","",INDEX(Risk_Register!$Y$2:$Y$301,MATCH($I26,Risk_Register!$AC$2:$AC$301,0))) | I26: =IFERROR(LARGE(Risk_Register!$AC$2:$AC$301,13),"")
A27: 14 | B27: =IF($I27="","",INDEX(Risk_Register!$A$2:$A$301,MATCH($I27,Risk_Register!$AC$2:$AC$301,0))) | C27: =IF($I27="","",INDEX(Risk_Register!$B$2:$B$301,MATCH($I27,Risk_Register!$AC$2:$AC$301,0))) | D27: =IF($I27="","",INDEX(Risk_Register!$C$2:$C$301,MATCH($I27,Risk_Register!$AC$2:$AC$301,0))) | E27: =IF($I27="","",INDEX(Risk_Register!$AA$2:$AA$301,MATCH($I27,Risk_Register!$AC$2:$AC$301,0))) | F27: =IF($I27="","",INDEX(Risk_Register!$O$2:$O$301,MATCH($I27,Risk_Register!$AC$2:$AC$301,0))) | G27: =IF($I27="","",INDEX(Risk_Register!$Z$2:$Z$301,MATCH($I27,Risk_Register!$AC$2:$AC$301,0))) | H27: =IF($I27="","",INDEX(Risk_Register!$Y$2:$Y$301,MATCH($I27,Risk_Register!$AC$2:$AC$301,0))) | I27: =IFERROR(LARGE(Risk_Register!$AC$2:$AC$301,14),"")
A28: 15 | B28: =IF($I28="","",INDEX(Risk_Register!$A$2:$A$301,MATCH($I28,Risk_Register!$AC$2:$AC$301,0))) | C28: =IF($I28="","",INDEX(Risk_Register!$B$2:$B$301,MATCH($I28,Risk_Register!$AC$2:$AC$301,0))) | D28: =IF($I28="","",INDEX(Risk_Register!$C$2:$C$301,MATCH($I28,Risk_Register!$AC$2:$AC$301,0))) | E28: =IF($I28="","",INDEX(Risk_Register!$AA$2:$AA$301,MATCH($I28,Risk_Register!$AC$2:$AC$301,0))) | F28: =IF($I28="","",INDEX(Risk_Register!$O$2:$O$301,MATCH($I28,Risk_Register!$AC$2:$AC$301,0))) | G28: =IF($I28="","",INDEX(Risk_Register!$Z$2:$Z$301,MATCH($I28,Risk_Register!$AC$2:$AC$301,0))) | H28: =IF($I28="","",INDEX(Risk_Register!$Y$2:$Y$301,MATCH($I28,Risk_Register!$AC$2:$AC$301,0))) | I28: =IFERROR(LARGE(Risk_Register!$AC$2:$AC$301,15),"")
A29: 16 | B29: =IF($I29="","",INDEX(Risk_Register!$A$2:$A$301,MATCH($I29,Risk_Register!$AC$2:$AC$301,0))) | C29: =IF($I29="","",INDEX(Risk_Register!$B$2:$B$301,MATCH($I29,Risk_Register!$AC$2:$AC$301,0))) | D29: =IF($I29="","",INDEX(Risk_Register!$C$2:$C$301,MATCH($I29,Risk_Register!$AC$2:$AC$301,0))) | E29: =IF($I29="","",INDEX(Risk_Register!$AA$2:$AA$301,MATCH($I29,Risk_Register!$AC$2:$AC$301,0))) | F29: =IF($I29="","",INDEX(Risk_Register!$O$2:$O$301,MATCH($I29,Risk_Register!$AC$2:$AC$301,0))) | G29: =IF($I29="","",INDEX(Risk_Register!$Z$2:$Z$301,MATCH($I29,Risk_Register!$AC$2:$AC$301,0))) | H29: =IF($I29="","",INDEX(Risk_Register!$Y$2:$Y$301,MATCH($I29,Risk_Register!$AC$2:$AC$301,0))) | I29: =IFERROR(LARGE(Risk_Register!$AC$2:$AC$301,16),"")
A30: 17 | B30: =IF($I30="","",INDEX(Risk_Register!$A$2:$A$301,MATCH($I30,Risk_Register!$AC$2:$AC$301,0))) | C30: =IF($I30="","",INDEX(Risk_Register!$B$2:$B$301,MATCH($I30,Risk_Register!$AC$2:$AC$301,0))) | D30: =IF($I30="","",INDEX(Risk_Register!$C$2:$C$301,MATCH($I30,Risk_Register!$AC$2:$AC$301,0))) | E30: =IF($I30="","",INDEX(Risk_Register!$AA$2:$AA$301,MATCH($I30,Risk_Register!$AC$2:$AC$301,0))) | F30: =IF($I30="","",INDEX(Risk_Register!$O$2:$O$301,MATCH($I30,Risk_Register!$AC$2:$AC$301,0))) | G30: =IF($I30="","",INDEX(Risk_Register!$Z$2:$Z$301,MATCH($I30,Risk_Register!$AC$2:$AC$301,0))) | H30: =IF($I30="","",INDEX(Risk_Register!$Y$2:$Y$301,MATCH($I30,Risk_Register!$AC$2:$AC$301,0))) | I30: =IFERROR(LARGE(Risk_Register!$AC$2:$AC$301,17),"")
A31: 18 | B31: =IF($I31="","",INDEX(Risk_Register!$A$2:$A$301,MATCH($I31,Risk_Register!$AC$2:$AC$301,0))) | C31: =IF($I31="","",INDEX(Risk_Register!$B$2:$B$301,MATCH($I31,Risk_Register!$AC$2:$AC$301,0))) | D31: =IF($I31="","",INDEX(Risk_Register!$C$2:$C$301,MATCH($I31,Risk_Register!$AC$2:$AC$301,0))) | E31: =IF($I31="","",INDEX(Risk_Register!$AA$2:$AA$301,MATCH($I31,Risk_Register!$AC$2:$AC$301,0))) | F31: =IF($I31="","",INDEX(Risk_Register!$O$2:$O$301,MATCH($I31,Risk_Register!$AC$2:$AC$301,0))) | G31: =IF($I31="","",INDEX(Risk_Register!$Z$2:$Z$301,MATCH($I31,Risk_Register!$AC$2:$AC$301,0))) | H31: =IF($I31="","",INDEX(Risk_Register!$Y$2:$Y$301,MATCH($I31,Risk_Register!$AC$2:$AC$301,0))) | I31: =IFERROR(LARGE(Risk_Register!$AC$2:$AC$301,18),"")
A32: 19 | B32: =IF($I32="","",INDEX(Risk_Register!$A$2:$A$301,MATCH($I32,Risk_Register!$AC$2:$AC$301,0))) | C32: =IF($I32="","",INDEX(Risk_Register!$B$2:$B$301,MATCH($I32,Risk_Register!$AC$2:$AC$301,0))) | D32: =IF($I32="","",INDEX(Risk_Register!$C$2:$C$301,MATCH($I32,Risk_Register!$AC$2:$AC$301,0))) | E32: =IF($I32="","",INDEX(Risk_Register!$AA$2:$AA$301,MATCH($I32,Risk_Register!$AC$2:$AC$301,0))) | F32: =IF($I32="","",INDEX(Risk_Register!$O$2:$O$301,MATCH($I32,Risk_Register!$AC$2:$AC$301,0))) | G32: =IF($I32="","",INDEX(Risk_Register!$Z$2:$Z$301,MATCH($I32,Risk_Register!$AC$2:$AC$301,0))) | H32: =IF($I32="","",INDEX(Risk_Register!$Y$2:$Y$301,MATCH($I32,Risk_Register!$AC$2:$AC$301,0))) | I32: =IFERROR(LARGE(Risk_Register!$AC$2:$AC$301,19),"")
A33: 20 | B33: =IF($I33="","",INDEX(Risk_Register!$A$2:$A$301,MATCH($I33,Risk_Register!$AC$2:$AC$301,0))) | C33: =IF($I33="","",INDEX(Risk_Register!$B$2:$B$301,MATCH($I33,Risk_Register!$AC$2:$AC$301,0))) | D33: =IF($I33="","",INDEX(Risk_Register!$C$2:$C$301,MATCH($I33,Risk_Register!$AC$2:$AC$301,0))) | E33: =IF($I33="","",INDEX(Risk_Register!$AA$2:$AA$301,MATCH($I33,Risk_Register!$AC$2:$AC$301,0))) | F33: =IF($I33="","",INDEX(Risk_Register!$O$2:$O$301,MATCH($I33,Risk_Register!$AC$2:$AC$301,0))) | G33: =IF($I33="","",INDEX(Risk_Register!$Z$2:$Z$301,MATCH($I33,Risk_Register!$AC$2:$AC$301,0))) | H33: =IF($I33="","",INDEX(Risk_Register!$Y$2:$Y$301,MATCH($I33,Risk_Register!$AC$2:$AC$301,0))) | I33: =IFERROR(LARGE(Risk_Register!$AC$2:$AC$301,20),"")

Sheet Change_Log
A1: Change Log (Audit Trail)
A3: Record edits to risk inputs or governance assumptions. Without macros, Excel cannot automatically capture editor identity; treat this as an operational discipline. Tip: After entries, copy column B and paste values to freeze timestamps.
A5: Change_ID | B5: Date_Time | C5: Editor | D5: Risk_ID | E5: Field | F5: Old_Value | G5: New_Value | H5: Reason / Evidence | I5: Scenario_Impacted (Y/N)
A6: =IF($D6="","",ROW()-5) | B6: =IF($D6="","",NOW())
A7: =IF($D7="","",ROW()-5) | B7: =IF($D7="","",NOW())
A8: =IF($D8="","",ROW()-5) | B8: =IF($D8="","",NOW())
A9: =IF($D9="","",ROW()-5) | B9: =IF($D9="","",NOW())
A10: =IF($D10="","",ROW()-5) | B10: =IF($D10="","",NOW())
A11: =IF($D11="","",ROW()-5) | B11: =IF($D11="","",NOW())
A12: =IF($D12="","",ROW()-5) | B12: =IF($D12="","",NOW())
A13: =IF($D13="","",ROW()-5) | B13: =IF($D13="","",NOW())
A14: =IF($D14="","",ROW()-5) | B14: =IF($D14="","",NOW())
A15: =IF($D15="","",ROW()-5) | B15: =IF($D15="","",NOW())
A16: =IF($D16="","",ROW()-5) | B16: =IF($D16="","",NOW())
A17: =IF($D17="","",ROW()-5) | B17: =IF($D17="","",NOW())
... A205: =IF($D205="","",ROW()-5) | B205: =IF($D205="","",NOW())
