Workbook

Sheet README
A1: Risk Governance OS – Excel MVP (v8, Table-free / Stable)
A3: What changed in v8
A4: This version removes Excel 'Table' objects to prevent file corruption during iterative model evolution. Functionality preserved: AB (Scenarios + TF default/override), CD (Erosion outputs + Summary), E (Field Guide + Input Form + Change Log + protections).
A6: Core formulas
A7: P_cum = 1 - (1 - P)^T L_exp = P_cum × I RE = L_exp × tau × TFi × (1 - C) TRE_i = RE × TF_used G = Σ TRE_i LR = G / A Scenario G_s = Σ [ L_exp × (tau×tau_mult) × (TFi×TFi_mult) × (1 - min(1,C×C_mult)) × TF_used ]
A10: Backlog (future)
A11: E+ (optional): stronger audit automation (requires VBA or external system), role-based access, and controlled submission workflow. Sensitivity analysis dashboard (LR elasticity by parameter) and structured scenario library.

Sheet Field_Guide
A1: Field Guide (What / Why / How to Fill)
A3: Use this sheet as authoritative guidance for data entry and interpretation.
A5: Field | B5: Purpose (What it is) | C5: Why it matters | D5: How to fill (practical guidance) | E5: Allowed / Typical Range | F5: Example
A6: Risk_ID | B6: Unique identifier for a risk record | C6: Enables traceability and stable ranking/aggregation | D6: Use a short unique code. Do not reuse IDs across different risks. | E6: Text; unique | F6: R-SEC-001
A7: Risk_Name | B7: Short name for the risk | C7: Used for Top-N outputs and executive communication | D7: Use a concise name. Avoid long sentences. | E7: Text | F7: Credential leakage
A8: Domain | B8: Risk domain/category | C8: Drives default TF_i and domain composition reporting | D8: Select from dropdown. Maintain domain list in Setup. | E8: Dropdown | F8: Security
A9: Description | B9: Narrative description/context | C9: Supports cross-domain translation and review | D9: 2–5 lines: scenario, trigger, boundary, affected assets. | E9: Free text | F9: Leak via vendor VPN…
A10: P | B10: Per-cycle probability | C10: Feeds cumulative probability over T | D10: Enter 0–1 for one cycle. If unknown, estimate with notes. | E10: 0–1 | F10: 0.05
A11: T | B11: Exposure duration / cycles | C11: Controls accumulation via P_cum | D11: Integer ≥1 representing number of cycles/time units. | E11: Integer ≥1 | F11: 12
A12: I | B12: Impact magnitude (your unit) | C12: With P_cum forms L_exp | D12: Use same unit as capacity A (cost, points, normalized severity). | E12: ≥0 | F12: 250
A13: C | B13: Governance coverage | C13: Directly reduces RE via (1−C) | D13: 0–1. 0=no coverage, 1=full coverage. Be conservative unless verified. | E13: 0–1 | F13: 0.4
A14: tau | B14: Time pressure coefficient | C14: Increases RE when rushed/late | D14: >0. 1 neutral. >1 pressured; <1 improved cadence. | E14: >0 | F14: 1.2
A15: TFi | B15: Context difficulty coefficient | C15: Captures structural difficulty | D15: >0. 1 baseline. Increase for externalities/irreversibility/etc. | E15: >0 | F15: 1.1
A16: TF_i | B16: Manual type translation (override) | C16: Allows expert override vs default | D16: Leave blank to use TF_default. Fill only with justification in Notes. | E16: Blank or >0 | F16: 1.3
... A24: Notes | B24: Assumptions/sources/rationale | C24: Auditability; reduces black-box perception | D24: Record sources, estimation method, and overrides. | E24: Free text | F24: SME est., Q4…
A25: TRE_score | B25: Hidden helper for stable ranking | C25: Prevents Top-N instability when ties exist | D25: Auto/hidden; do not edit. | E25: Auto

Sheet Setup
A1: Setup / Assumptions
A3: Governance Capacity
A4: A (Governance Capacity) | B4: 100 | C4: Input. Keep units consistent with I and L_exp.
A6: Domains (dropdown list) | C6: Erosion Flag (dropdown list)
A8: Technology | C8: E (Escalating)
A9: Operations | C9: N (Non‑Escalating)
A10: Compliance
A11: Security
A12: Strategy
A13: Supply Chain
A15: Default TF_i by Domain (editable)
A16: Domain | B16: Default_TF_i
A17: Technology | B17: 1
A18: Operations | B18: 1
A19: Compliance | B19: 1.2
A20: Security | B20: 1.3
A21: Strategy | B21: 1.1
A22: Supply Chain | B22: 1.2

Sheet Input_Form
A1: Input Form (Fill one risk, then paste values into Risk_Register)
A3: Instructions
A4: 1) Fill the blue cells below for ONE risk. 2) Copy A8:M8 and paste as VALUES into the next empty row in Risk_Register (columns A–M). 3) Do not paste into calculated columns; Risk_Register computes automatically.
A6: Risk_ID | B6: Risk_Name | C6: Domain | D6: Description | E6: P | F6: T | G6: I | H6: C | I6: tau | J6: TFi | K6: TF_i | L6: Erosion_Flag | M6: Notes
A7: Risk_ID | B7: Risk_Name | C7: Domain | D7: Description | E7: P | F7: T | G7: I | H7: C | I7: tau | J7: TFi | K7: TF_i | L7: Erosion_Flag | M7: Notes

Sheet Risk_Register
A1: Risk_ID | B1: Risk_Name | C1: Domain | D1: Description | E1: P | F1: T | G1: I | H1: C | I1: tau | J1: TFi | K1: TF_i | L1: TF_default | M1: TF_used | N1: P_cum | O1: L_exp | P1: RE | Q1: TRE_i | R1: Erosion_Flag | S1: Notes | T1: TRE_score
L2: =IF($C2="","",IFERROR(VLOOKUP($C2,Setup!$A$17:$B$22,2,FALSE),1)) | M2: =IF($K2="",$L2,$K2) | N2: =IF(OR($E2="",$F2=""),"",1-(1-$E2)^$F2) | O2: =IF(OR($N2="",$G2=""),"",$N2*$G2) | P2: =IF(OR($O2="",$I2="",$J2="",$H2=""),"",$O2*$I2*$J2*(1-$H2)) | Q2: =IF(OR($P2="",$M2=""),"",$P2*$M2) | T2: =IF($Q2="","",$Q2+ROW()/1000000)
L3: =IF($C3="","",IFERROR(VLOOKUP($C3,Setup!$A$17:$B$22,2,FALSE),1)) | M3: =IF($K3="",$L3,$K3) | N3: =IF(OR($E3="",$F3=""),"",1-(1-$E3)^$F3) | O3: =IF(OR($N3="",$G3=""),"",$N3*$G3) | P3: =IF(OR($O3="",$I3="",$J3="",$H3=""),"",$O3*$I3*$J3*(1-$H3)) | Q3: =IF(OR($P3="",$M3=""),"",$P3*$M3) | T3: =IF($Q3="","",$Q3+ROW()/1000000)
L4: =IF($C4="","",IFERROR(VLOOKUP($C4,Setup!$A$17:$B$22,2,FALSE),1)) | M4: =IF($K4="",$L4,$K4) | N4: =IF(OR($E4="",$F4=""),"",1-(1-$E4)^$F4) | O4: =IF(OR($N4="",$G4=""),"",$N4*$G4) | P4: =IF(OR($O4="",$I4="",$J4="",$H4=""),"",$O4*$I4*$J4*(1-$H4)) | Q4: =IF(OR($P4="",$M4=""),"",$P4*$M4) | T4: =IF($Q4="","",$Q4+ROW()/1000000)
L5: =IF($C5="","",IFERROR(VLOOKUP($C5,Setup!$A$17:$B$22,2,FALSE),1)) | M5: =IF($K5="",$L5,$K5) | N5: =IF(OR($E5="",$F5=""),"",1-(1-$E5)^$F5) | O5: =IF(OR($N5="",$G5=""),"",$N5*$G5) | P5: =IF(OR($O5="",$I5="",$J5="",$H5=""),"",$O5*$I5*$J5*(1-$H5)) | Q5: =IF(OR($P5="",$M5=""),"",$P5*$M5) | T5: =IF($Q5="","",$Q5+ROW()/1000000)
L6: =IF($C6="","",IFERROR(VLOOKUP($C6,Setup!$A$17:$B$22,2,FALSE),1)) | M6: =IF($K6="",$L6,$K6) | N6: =IF(OR($E6="",$F6=""),"",1-(1-$E6)^$F6) | O6: =IF(OR($N6="",$G6=""),"",$N6*$G6) | P6: =IF(OR($O6="",$I6="",$J6="",$H6=""),"",$O6*$I6*$J6*(1-$H6)) | Q6: =IF(OR($P6="",$M6=""),"",$P6*$M6) | T6: =IF($Q6="","",$Q6+ROW()/1000000)
L7: =IF($C7="","",IFERROR(VLOOKUP($C7,Setup!$A$17:$B$22,2,FALSE),1)) | M7: =IF($K7="",$L7,$K7) | N7: =IF(OR($E7="",$F7=""),"",1-(1-$E7)^$F7) | O7: =IF(OR($N7="",$G7=""),"",$N7*$G7) | P7: =IF(OR($O7="",$I7="",$J7="",$H7=""),"",$O7*$I7*$J7*(1-$H7)) | Q7: =IF(OR($P7="",$M7=""),"",$P7*$M7) | T7: =IF($Q7="","",$Q7+ROW()/1000000)
L8: =IF($C8="","",IFERROR(VLOOKUP($C8,Setup!$A$17:$B$22,2,FALSE),1)) | M8: =IF($K8="",$L8,$K8) | N8: =IF(OR($E8="",$F8=""),"",1-(1-$E8)^$F8) | O8: =IF(OR($N8="",$G8=""),"",$N8*$G8) | P8: =IF(OR($O8="",$I8="",$J8="",$H8=""),"",$O8*$I8*$J8*(1-$H8)) | Q8: =IF(OR($P8="",$M8=""),"",$P8*$M8) | T8: =IF($Q8="","",$Q8+ROW()/1000000)
L9: =IF($C9="","",IFERROR(VLOOKUP($C9,Setup!$A$17:$B$22,2,FALSE),1)) | M9: =IF($K9="",$L9,$K9) | N9: =IF(OR($E9="",$F9=""),"",1-(1-$E9)^$F9) | O9: =IF(OR($N9="",$G9=""),"",$N9*$G9) | P9: =IF(OR($O9="",$I9="",$J9="",$H9=""),"",$O9*$I9*$J9*(1-$H9)) | Q9: =IF(OR($P9="",$M9=""),"",$P9*$M9) | T9: =IF($Q9="","",$Q9+ROW()/1000000)
L10: =IF($C10="","",IFERROR(VLOOKUP($C10,Setup!$A$17:$B$22,2,FALSE),1)) | M10: =IF($K10="",$L10,$K10) | N10: =IF(OR($E10="",$F10=""),"",1-(1-$E10)^$F10) | O10: =IF(OR($N10="",$G10=""),"",$N10*$G10) | P10: =IF(OR($O10="",$I10="",$J10="",$H10=""),"",$O10*$I10*$J10*(1-$H10)) | Q10: =IF(OR($P10="",$M10=""),"",$P10*$M10) | T10: =IF($Q10="","",$Q10+ROW()/1000000)
L11: =IF($C11="","",IFERROR(VLOOKUP($C11,Setup!$A$17:$B$22,2,FALSE),1)) | M11: =IF($K11="",$L11,$K11) | N11: =IF(OR($E11="",$F11=""),"",1-(1-$E11)^$F11) | O11: =IF(OR($N11="",$G11=""),"",$N11*$G11) | P11: =IF(OR($O11="",$I11="",$J11="",$H11=""),"",$O11*$I11*$J11*(1-$H11)) | Q11: =IF(OR($P11="",$M11=""),"",$P11*$M11) | T11: =IF($Q11="","",$Q11+ROW()/1000000)
L12: =IF($C12="","",IFERROR(VLOOKUP($C12,Setup!$A$17:$B$22,2,FALSE),1)) | M12: =IF($K12="",$L12,$K12) | N12: =IF(OR($E12="",$F12=""),"",1-(1-$E12)^$F12) | O12: =IF(OR($N12="",$G12=""),"",$N12*$G12) | P12: =IF(OR($O12="",$I12="",$J12="",$H12=""),"",$O12*$I12*$J12*(1-$H12)) | Q12: =IF(OR($P12="",$M12=""),"",$P12*$M12) | T12: =IF($Q12="","",$Q12+ROW()/1000000)
L13: =IF($C13="","",IFERROR(VLOOKUP($C13,Setup!$A$17:$B$22,2,FALSE),1)) | M13: =IF($K13="",$L13,$K13) | N13: =IF(OR($E13="",$F13=""),"",1-(1-$E13)^$F13) | O13: =IF(OR($N13="",$G13=""),"",$N13*$G13) | P13: =IF(OR($O13="",$I13="",$J13="",$H13=""),"",$O13*$I13*$J13*(1-$H13)) | Q13: =IF(OR($P13="",$M13=""),"",$P13*$M13) | T13: =IF($Q13="","",$Q13+ROW()/1000000)
... L301: =IF($C301="","",IFERROR(VLOOKUP($C301,Setup!$A$17:$B$22,2,FALSE),1)) | M301: =IF($K301="",$L301,$K301) | N301: =IF(OR($E301="",$F301=""),"",1-(1-$E301)^$F301) | O301: =IF(OR($N301="",$G301=""),"",$N301*$G301) | P301: =IF(OR($O301="",$I301="",$J301="",$H301=""),"",$O301*$I301*$J301*(1-$H301)) | Q301: =IF(OR($P301="",$M301=""),"",$P301*$M301) | T301: =IF($Q301="","",$Q301+ROW()/1000000)

Sheet Dashboard
A1: Dashboard
A3: Key Metrics | D3: Top Risks by TRE_i | H3: Erosion / Escalation Outputs
A4: Total Governance Load (G) | B4: =SUM(Risk_Register!Q:Q) | D4: Risk_Name | E4: TRE_i | F4: Domain | H4: Metric | I4: Value
A5: Governance Capacity (A) | B5: =Setup!B4 | D5: =IF($E5="","",INDEX(Risk_Register!$B$2:$B$301,MATCH($E5,Risk_Register!$Q$2:$Q$301,0))) | E5: =IFERROR(LARGE(Risk_Register!Q$2:Q$301,1),"") | F5: =IF($E5="","",INDEX(Risk_Register!$C$2:$C$301,MATCH($E5,Risk_Register!$Q$2:$Q$301,0))) | H5: G_E (Σ TRE_i where E) | I5: =SUMIF(Risk_Register!$R$2:$R$301,"E (Escalating)",Risk_Register!$Q$2:$Q$301)
A6: Risk Load Ratio (LR = G / A) | B6: =IF(B5="","",B4/B5) | D6: =IF($E6="","",INDEX(Risk_Register!$B$2:$B$301,MATCH($E6,Risk_Register!$Q$2:$Q$301,0))) | E6: =IFERROR(LARGE(Risk_Register!Q$2:Q$301,2),"") | F6: =IF($E6="","",INDEX(Risk_Register!$C$2:$C$301,MATCH($E6,Risk_Register!$Q$2:$Q$301,0))) | H6: G_N (Σ TRE_i where N) | I6: =SUMIF(Risk_Register!$R$2:$R$301,"N (Non‑Escalating)",Risk_Register!$Q$2:$Q$301)
A7: Active Risks (count) | B7: =COUNTIF(Risk_Register!A2:A301,"<>") | D7: =IF($E7="","",INDEX(Risk_Register!$B$2:$B$301,MATCH($E7,Risk_Register!$Q$2:$Q$301,0))) | E7: =IFERROR(LARGE(Risk_Register!Q$2:Q$301,3),"") | F7: =IF($E7="","",INDEX(Risk_Register!$C$2:$C$301,MATCH($E7,Risk_Register!$Q$2:$Q$301,0))) | H7: %E of G | I7: =IF($B$4="","",$I$5/$B$4)
D8: =IF($E8="","",INDEX(Risk_Register!$B$2:$B$301,MATCH($E8,Risk_Register!$Q$2:$Q$301,0))) | E8: =IFERROR(LARGE(Risk_Register!Q$2:Q$301,4),"") | F8: =IF($E8="","",INDEX(Risk_Register!$C$2:$C$301,MATCH($E8,Risk_Register!$Q$2:$Q$301,0))) | H8: LR_E = G_E / A | I8: =IF(Setup!$B$4="","",$I$5/Setup!$B$4)
D9: =IF($E9="","",INDEX(Risk_Register!$B$2:$B$301,MATCH($E9,Risk_Register!$Q$2:$Q$301,0))) | E9: =IFERROR(LARGE(Risk_Register!Q$2:Q$301,5),"") | F9: =IF($E9="","",INDEX(Risk_Register!$C$2:$C$301,MATCH($E9,Risk_Register!$Q$2:$Q$301,0)))
A10: Domain Composition (Σ TRE_i) | D10: =IF($E10="","",INDEX(Risk_Register!$B$2:$B$301,MATCH($E10,Risk_Register!$Q$2:$Q$301,0))) | E10: =IFERROR(LARGE(Risk_Register!Q$2:Q$301,6),"") | F10: =IF($E10="","",INDEX(Risk_Register!$C$2:$C$301,MATCH($E10,Risk_Register!$Q$2:$Q$301,0))) | H10: Erosion_Flag | I10: Σ TRE_i
A11: Domain | B11: Σ TRE_i | D11: =IF($E11="","",INDEX(Risk_Register!$B$2:$B$301,MATCH($E11,Risk_Register!$Q$2:$Q$301,0))) | E11: =IFERROR(LARGE(Risk_Register!Q$2:Q$301,7),"") | F11: =IF($E11="","",INDEX(Risk_Register!$C$2:$C$301,MATCH($E11,Risk_Register!$Q$2:$Q$301,0))) | H11: E (Escalating) | I11: =I5
A12: Technology | B12: =SUMIF(Risk_Register!$C$2:$C$301,$A12,Risk_Register!$Q$2:$Q$301) | D12: =IF($E12="","",INDEX(Risk_Register!$B$2:$B$301,MATCH($E12,Risk_Register!$Q$2:$Q$301,0))) | E12: =IFERROR(LARGE(Risk_Register!Q$2:Q$301,8),"") | F12: =IF($E12="","",INDEX(Risk_Register!$C$2:$C$301,MATCH($E12,Risk_Register!$Q$2:$Q$301,0))) | H12: N (Non‑Escalating) | I12: =I6
A13: Operations | B13: =SUMIF(Risk_Register!$C$2:$C$301,$A13,Risk_Register!$Q$2:$Q$301) | D13: =IF($E13="","",INDEX(Risk_Register!$B$2:$B$301,MATCH($E13,Risk_Register!$Q$2:$Q$301,0))) | E13: =IFERROR(LARGE(Risk_Register!Q$2:Q$301,9),"") | F13: =IF($E13="","",INDEX(Risk_Register!$C$2:$C$301,MATCH($E13,Risk_Register!$Q$2:$Q$301,0)))
A14: Compliance | B14: =SUMIF(Risk_Register!$C$2:$C$301,$A14,Risk_Register!$Q$2:$Q$301) | D14: =IF($E14="","",INDEX(Risk_Register!$B$2:$B$301,MATCH($E14,Risk_Register!$Q$2:$Q$301,0))) | E14: =IFERROR(LARGE(Risk_Register!Q$2:Q$301,10),"") | F14: =IF($E14="","",INDEX(Risk_Register!$C$2:$C$301,MATCH($E14,Risk_Register!$Q$2:$Q$301,0)))
A15: Security | B15: =SUMIF(Risk_Register!$C$2:$C$301,$A15,Risk_Register!$Q$2:$Q$301)
A16: Strategy | B16: =SUMIF(Risk_Register!$C$2:$C$301,$A16,Risk_Register!$Q$2:$Q$301)
A17: Supply Chain | B17: =SUMIF(Risk_Register!$C$2:$C$301,$A17,Risk_Register!$Q$2:$Q$301)

Sheet Scenarios
A1: Scenario Comparison
A3: How it works
A4: Each scenario applies multipliers to governance parameters while keeping the same risk register. C_s = min(1, C × C_mult); tau_s = tau × tau_mult; TFi_s = TFi × TFi_mult. G_s = Σ [ L_exp × tau_s × TFi_s × (1 − C_s) × TF_used ]. LR_s = G_s / A_s. If A_s is blank, Setup!A is used.
A6: Scenario Inputs
A8: Scenario | B8: A_s | C8: C_mult | D8: tau_mult | E8: TFi_mult | F8: G_s | G8: LR_s | H8: ΔLR vs Base
A9: Base | C9: 1 | D9: 1 | E9: 1 | F9: =SUMPRODUCT(--(Risk_Register!$A$2:$A$301<>""),Risk_Register!$O$2:$O$301*(Risk_Register!$I$2:$I$301*$D9)*(Risk_Register!$J$2:$J$301*$E9)*(1-IF(Risk_Register!$H$2:$H$301*$C9>1,1,Risk_Register!$H$2:$H$301*$C9))*Risk_Register!$M$2:$M$301) | G9: =IF(IF($B9="",Setup!$B$4,$B9)="","",$F9/IF($B9="",Setup!$B$4,$B9))
A10: Scenario_1 | C10: 1.1 | D10: 1 | E10: 1 | F10: =SUMPRODUCT(--(Risk_Register!$A$2:$A$301<>""),Risk_Register!$O$2:$O$301*(Risk_Register!$I$2:$I$301*$D10)*(Risk_Register!$J$2:$J$301*$E10)*(1-IF(Risk_Register!$H$2:$H$301*$C10>1,1,Risk_Register!$H$2:$H$301*$C10))*Risk_Register!$M$2:$M$301) | G10: =IF(IF($B10="",Setup!$B$4,$B10)="","",$F10/IF($B10="",Setup!$B$4,$B10)) | H10: =IF($G10="","",$G10-$G$9)
A11: Scenario_2 | C11: 1 | D11: 0.9 | E11: 1 | F11: =SUMPRODUCT(--(Risk_Register!$A$2:$A$301<>""),Risk_Register!$O$2:$O$301*(Risk_Register!$I$2:$I$301*$D11)*(Risk_Register!$J$2:$J$301*$E11)*(1-IF(Risk_Register!$H$2:$H$301*$C11>1,1,Risk_Register!$H$2:$H$301*$C11))*Risk_Register!$M$2:$M$301) | G11: =IF(IF($B11="",Setup!$B$4,$B11)="","",$F11/IF($B11="",Setup!$B$4,$B11)) | H11: =IF($G11="","",$G11-$G$9)
A12: Scenario_3 | C12: 1 | D12: 1 | E12: 0.9 | F12: =SUMPRODUCT(--(Risk_Register!$A$2:$A$301<>""),Risk_Register!$O$2:$O$301*(Risk_Register!$I$2:$I$301*$D12)*(Risk_Register!$J$2:$J$301*$E12)*(1-IF(Risk_Register!$H$2:$H$301*$C12>1,1,Risk_Register!$H$2:$H$301*$C12))*Risk_Register!$M$2:$M$301) | G12: =IF(IF($B12="",Setup!$B$4,$B12)="","",$F12/IF($B12="",Setup!$B$4,$B12)) | H12: =IF($G12="","",$G12-$G$9)

Sheet Summary
A1: Summary Exports (Governance-ready)
A3: Key Outputs | D3: Domain × Σ TRE_i
A4: G (Total) | B4: =Dashboard!B4 | D4: Domain | E4: Σ TRE_i
A5: A (Capacity) | B5: =Setup!B4 | D5: Technology | E5: =SUMIF(Risk_Register!$C$2:$C$301,$D5,Risk_Register!$Q$2:$Q$301)
A6: LR = G / A | B6: =Dashboard!B6 | D6: Operations | E6: =SUMIF(Risk_Register!$C$2:$C$301,$D6,Risk_Register!$Q$2:$Q$301)
A7: G_E (Escalating) | B7: =Dashboard!I5 | D7: Compliance | E7: =SUMIF(Risk_Register!$C$2:$C$301,$D7,Risk_Register!$Q$2:$Q$301)
A8: LR_E | B8: =Dashboard!I8 | D8: Security | E8: =SUMIF(Risk_Register!$C$2:$C$301,$D8,Risk_Register!$Q$2:$Q$301)
D9: Strategy | E9: =SUMIF(Risk_Register!$C$2:$C$301,$D9,Risk_Register!$Q$2:$Q$301)
D10: Supply Chain | E10: =SUMIF(Risk_Register!$C$2:$C$301,$D10,Risk_Register!$Q$2:$Q$301)
A11: Top Risks (Stable by TRE_i)
A12: Rank | B12: Risk_ID | C12: Risk_Name | D12: Domain | E12: TRE_i | F12: Erosion_Flag
A13: 1 | B13: =IF($G13="","",INDEX(Risk_Register!$A$2:$A$301,MATCH($G13,Risk_Register!$T$2:$T$301,0))) | C13: =IF($B13="","",INDEX(Risk_Register!$B$2:$B$301,MATCH($G13,Risk_Register!$T$2:$T$301,0))) | D13: =IF($B13="","",INDEX(Risk_Register!$C$2:$C$301,MATCH($G13,Risk_Register!$T$2:$T$301,0))) | E13: =IF($B13="","",INDEX(Risk_Register!$Q$2:$Q$301,MATCH($G13,Risk_Register!$T$2:$T$301,0))) | F13: =IF($B13="","",INDEX(Risk_Register!$R$2:$R$301,MATCH($G13,Risk_Register!$T$2:$T$301,0))) | G13: =IFERROR(LARGE(Risk_Register!$T$2:$T$301,1),"")
A14: 2 | B14: =IF($G14="","",INDEX(Risk_Register!$A$2:$A$301,MATCH($G14,Risk_Register!$T$2:$T$301,0))) | C14: =IF($B14="","",INDEX(Risk_Register!$B$2:$B$301,MATCH($G14,Risk_Register!$T$2:$T$301,0))) | D14: =IF($B14="","",INDEX(Risk_Register!$C$2:$C$301,MATCH($G14,Risk_Register!$T$2:$T$301,0))) | E14: =IF($B14="","",INDEX(Risk_Register!$Q$2:$Q$301,MATCH($G14,Risk_Register!$T$2:$T$301,0))) | F14: =IF($B14="","",INDEX(Risk_Register!$R$2:$R$301,MATCH($G14,Risk_Register!$T$2:$T$301,0))) | G14: =IFERROR(LARGE(Risk_Register!$T$2:$T$301,2),"")
A15: 3 | B15: =IF($G15="","",INDEX(Risk_Register!$A$2:$A$301,MATCH($G15,Risk_Register!$T$2:$T$301,0))) | C15: =IF($B15="","",INDEX(Risk_Register!$B$2:$B$301,MATCH($G15,Risk_Register!$T$2:$T$301,0))) | D15: =IF($B15="","",INDEX(Risk_Register!$C$2:$C$301,MATCH($G15,Risk_Register!$T$2:$T$301,0))) | E15: =IF($B15="","",INDEX(Risk_Register!$Q$2:$Q$301,MATCH($G15,Risk_Register!$T$2:$T$301,0))) | F15: =IF($B15="","",INDEX(Risk_Register!$R$2:$R$301,MATCH($G15,Risk_Register!$T$2:$T$301,0))) | G15: =IFERROR(LARGE(Risk_Register!$T$2:$T$301,3),"")
A16: 4 | B16: =IF($G16="","",INDEX(Risk_Register!$A$2:$A$301,MATCH($G16,Risk_Register!$T$2:$T$301,0))) | C16: =IF($B16="","",INDEX(Risk_Register!$B$2:$B$301,MATCH($G16,Risk_Register!$T$2:$T$301,0))) | D16: =IF($B16="","",INDEX(Risk_Register!$C$2:$C$301,MATCH($G16,Risk_Register!$T$2:$T$301,0))) | E16: =IF($B16="","",INDEX(Risk_Register!$Q$2:$Q$301,MATCH($G16,Risk_Register!$T$2:$T$301,0))) | F16: =IF($B16="","",INDEX(Risk_Register!$R$2:$R$301,MATCH($G16,Risk_Register!$T$2:$T$301,0))) | G16: =IFERROR(LARGE(Risk_Register!$T$2:$T$301,4),"")
A17: 5 | B17: =IF($G17="","",INDEX(Risk_Register!$A$2:$A$301,MATCH($G17,Risk_Register!$T$2:$T$301,0))) | C17: =IF($B17="","",INDEX(Risk_Register!$B$2:$B$301,MATCH($G17,Risk_Register!$T$2:$T$301,0))) | D17: =IF($B17="","",INDEX(Risk_Register!$C$2:$C$301,MATCH($G17,Risk_Register!$T$2:$T$301,0))) | E17: =IF($B17="","",INDEX(Risk_Register!$Q$2:$Q$301,MATCH($G17,Risk_Register!$T$2:$T$301,0))) | F17: =IF($B17="","",INDEX(Risk_Register!$R$2:$R$301,MATCH($G17,Risk_Register!$T$2:$T$301,0))) | G17: =IFERROR(LARGE(Risk_Register!$T$2:$T$301,5),"")
A18: 6 | B18: =IF($G18="","",INDEX(Risk_Register!$A$2:$A$301,MATCH($G18,Risk_Register!$T$2:$T$301,0))) | C18: =IF($B18="","",INDEX(Risk_Register!$B$2:$B$301,MATCH($G18,Risk_Register!$T$2:$T$301,0))) | D18: =IF($B18="","",INDEX(Risk_Register!$C$2:$C$301,MATCH($G18,Risk_Register!$T$2:$T$301,0))) | E18: =IF($B18="","",INDEX(Risk_Register!$Q$2:$Q$301,MATCH($G18,Risk_Register!$T$2:$T$301,0))) | F18: =IF($B18="","",INDEX(Risk_Register!$R$2:$R$301,MATCH($G18,Risk_Register!$T$2:$T$301,0))) | G18: =IFERROR(LARGE(Risk_Register!$T$2:$T$301,6),"")
A19: 7 | B19: =IF($G19="","",INDEX(Risk_Register!$A$2:$A$301,MATCH($G19,Risk_Register!$T$2:$T$301,0))) | C19: =IF($B19="","",INDEX(Risk_Register!$B$2:$B$301,MATCH($G19,Risk_Register!$T$2:$T$301,0))) | D19: =IF($B19="","",INDEX(Risk_Register!$C$2:$C$301,MATCH($G19,Risk_Register!$T$2:$T$301,0))) | E19: =IF($B19="","",INDEX(Risk_Register!$Q$2:$Q$301,MATCH($G19,Risk_Register!$T$2:$T$301,0))) | F19: =IF($B19="","",INDEX(Risk_Register!$R$2:$R$301,MATCH($G19,Risk_Register!$T$2:$T$301,0))) | G19: =IFERROR(LARGE(Risk_Register!$T$2:$T$301,7),"")
A20: 8 | B20: =IF($G20="","",INDEX(Risk_Register!$A$2:$A$301,MATCH($G20,Risk_Register!$T$2:$T$301,0))) | C20: =IF($B20="","",INDEX(Risk_Register!$B$2:$B$301,MATCH($G20,Risk_Register!$T$2:$T$301,0))) | D20: =IF($B20="","",INDEX(Risk_Register!$C$2:$C$301,MATCH($G20,Risk_Register!$T$2:$T$301,0))) | E20: =IF($B20="","",INDEX(Risk_Register!$Q$2:$Q$301,MATCH($G20,Risk_Register!$T$2:$T$301,0))) | F20: =IF($B20="","",INDEX(Risk_Register!$R$2:$R$301,MATCH($G20,Risk_Register!$T$2:$T$301,0))) | G20: =IFERROR(LARGE(Risk_Register!$T$2:$T$301,8),"")
A21: 9 | B21: =IF($G21="","",INDEX(Risk_Register!$A$2:$A$301,MATCH($G21,Risk_Register!$T$2:$T$301,0))) | C21: =IF($B21="","",INDEX(Risk_Register!$B$2:$B$301,MATCH($G21,Risk_Register!$T$2:$T$301,0))) | D21: =IF($B21="","",INDEX(Risk_Register!$C$2:$C$301,MATCH($G21,Risk_Register!$T$2:$T$301,0))) | E21: =IF($B21="","",INDEX(Risk_Register!$Q$2:$Q$301,MATCH($G21,Risk_Register!$T$2:$T$301,0))) | F21: =IF($B21="","",INDEX(Risk_Register!$R$2:$R$301,MATCH($G21,Risk_Register!$T$2:$T$301,0))) | G21: =IFERROR(LARGE(Risk_Register!$T$2:$T$301,9),"")
A22: 10 | B22: =IF($G22="","",INDEX(Risk_Register!$A$2:$A$301,MATCH($G22,Risk_Register!$T$2:$T$301,0))) | C22: =IF($B22="","",INDEX(Risk_Register!$B$2:$B$301,MATCH($G22,Risk_Register!$T$2:$T$301,0))) | D22: =IF($B22="","",INDEX(Risk_Register!$C$2:$C$301,MATCH($G22,Risk_Register!$T$2:$T$301,0))) | E22: =IF($B22="","",INDEX(Risk_Register!$Q$2:$Q$301,MATCH($G22,Risk_Register!$T$2:$T$301,0))) | F22: =IF($B22="","",INDEX(Risk_Register!$R$2:$R$301,MATCH($G22,Risk_Register!$T$2:$T$301,0))) | G22: =IFERROR(LARGE(Risk_Register!$T$2:$T$301,10),"")
A23: 11 | B23: =IF($G23="","",INDEX(Risk_Register!$A$2:$A$301,MATCH($G23,Risk_Register!$T$2:$T$301,0))) | C23: =IF($B23="","",INDEX(Risk_Register!$B$2:$B$301,MATCH($G23,Risk_Register!$T$2:$T$301,0))) | D23: =IF($B23="","",INDEX(Risk_Register!$C$2:$C$301,MATCH($G23,Risk_Register!$T$2:$T$301,0))) | E23: =IF($B23="","",INDEX(Risk_Register!$Q$2:$Q$301,MATCH($G23,Risk_Register!$T$2:$T$301,0))) | F23: =IF($B23="","",INDEX(Risk_Register!$R$2:$R$301,MATCH($G23,Risk_Register!$T$2:$T$301,0))) | G23: =IFERROR(LARGE(Risk_Register!$T$2:$T$301,11),"")
A24: 12 | B24: =IF($G24="","",INDEX(Risk_Register!$A$2:$A$301,MATCH($G24,Risk_Register!$T$2:$T$301,0))) | C24: =IF($B24="","",INDEX(Risk_Register!$B$2:$B$301,MATCH($G24,Risk_Register!$T$2:$T$301,0))) | D24: =IF($B24="","",INDEX(Risk_Register!$C$2:$C$301,MATCH($G24,Risk_Register!$T$2:$T$301,0))) | E24: =IF($B24="","",INDEX(Risk_Register!$Q$2:$Q$301,MATCH($G24,Risk_Register!$T$2:$T$301,0))) | F24: =IF($B24="","",INDEX(Risk_Register!$R$2:$R$301,MATCH($G24,Risk_Register!$T$2:$T$301,0))) | G24: =IFERROR(LARGE(Risk_Register!$T$2:$T$301,12),"")
A25: 13 | B25: =IF($G25="","",INDEX(Risk_Register!$A$2:$A$301,MATCH($G25,Risk_Register!$T$2:$T$301,0))) | C25: =IF($B25="","",INDEX(Risk_Register!$B$2:$B$301,MATCH($G25,Risk_Register!$T$2:$T$301,0))) | D25: =IF($B25="","",INDEX(Risk_Register!$C$2:$C$301,MATCH($G25,Risk_Register!$T$2:$T$301,0))) | E25: =IF($B25="","",INDEX(Risk_Register!$Q$2:$Q$301,MATCH($G25,Risk_Register!$T$2:$T$301,0))) | F25: =IF($B25="","",INDEX(Risk_Register!$R$2:$R$301,MATCH($G25,Risk_Register!$T$2:$T$301,0))) | G25: =IFERROR(LARGE(Risk_Register!$T$2:$T$301,13),"")
A26: 14 | B26: =IF($G26="","",INDEX(Risk_Register!$A$2:$A$301,MATCH($G26,Risk_Register!$T$2:$T$301,0))) | C26: =IF($B26="","",INDEX(Risk_Register!$B$2:$B$301,MATCH($G26,Risk_Register!$T$2:$T$301,0))) | D26: =IF($B26="","",INDEX(Risk_Register!$C$2:$C$301,MATCH($G26,Risk_Register!$T$2:$T$301,0))) | E26: =IF($B26="","",INDEX(Risk_Register!$Q$2:$Q$301,MATCH($G26,Risk_Register!$T$2:$T$301,0))) | F26: =IF($B26="","",INDEX(Risk_Register!$R$2:$R$301,MATCH($G26,Risk_Register!$T$2:$T$301,0))) | G26: =IFERROR(LARGE(Risk_Register!$T$2:$T$301,14),"")
A27: 15 | B27: =IF($G27="","",INDEX(Risk_Register!$A$2:$A$301,MATCH($G27,Risk_Register!$T$2:$T$301,0))) | C27: =IF($B27="","",INDEX(Risk_Register!$B$2:$B$301,MATCH($G27,Risk_Register!$T$2:$T$301,0))) | D27: =IF($B27="","",INDEX(Risk_Register!$C$2:$C$301,MATCH($G27,Risk_Register!$T$2:$T$301,0))) | E27: =IF($B27="","",INDEX(Risk_Register!$Q$2:$Q$301,MATCH($G27,Risk_Register!$T$2:$T$301,0))) | F27: =IF($B27="","",INDEX(Risk_Register!$R$2:$R$301,MATCH($G27,Risk_Register!$T$2:$T$301,0))) | G27: =IFERROR(LARGE(Risk_Register!$T$2:$T$301,15),"")
A28: 16 | B28: =IF($G28="","",INDEX(Risk_Register!$A$2:$A$301,MATCH($G28,Risk_Register!$T$2:$T$301,0))) | C28: =IF($B28="","",INDEX(Risk_Register!$B$2:$B$301,MATCH($G28,Risk_Register!$T$2:$T$301,0))) | D28: =IF($B28="","",INDEX(Risk_Register!$C$2:$C$301,MATCH($G28,Risk_Register!$T$2:$T$301,0))) | E28: =IF($B28="","",INDEX(Risk_Register!$Q$2:$Q$301,MATCH($G28,Risk_Register!$T$2:$T$301,0))) | F28: =IF($B28="","",INDEX(Risk_Register!$R$2:$R$301,MATCH($G28,Risk_Register!$T$2:$T$301,0))) | G28: =IFERROR(LARGE(Risk_Register!$T$2:$T$301,16),"")
A29: 17 | B29: =IF($G29="","",INDEX(Risk_Register!$A$2:$A$301,MATCH($G29,Risk_Register!$T$2:$T$301,0))) | C29: =IF($B29="","",INDEX(Risk_Register!$B$2:$B$301,MATCH($G29,Risk_Register!$T$2:$T$301,0))) | D29: =IF($B29="","",INDEX(Risk_Register!$C$2:$C$301,MATCH($G29,Risk_Register!$T$2:$T$301,0))) | E29: =IF($B29="","",INDEX(Risk_Register!$Q$2:$Q$301,MATCH($G29,Risk_Register!$T$2:$T$301,0))) | F29: =IF($B29="","",INDEX(Risk_Register!$R$2:$R$301,MATCH($G29,Risk_Register!$T$2:$T$301,0))) | G29: =IFERROR(LARGE(Risk_Register!$T$2:$T$301,17),"")
A30: 18 | B30: =IF($G30="","",INDEX(Risk_Register!$A$2:$A$301,MATCH($G30,Risk_Register!$T$2:$T$301,0))) | C30: =IF($B30="","",INDEX(Risk_Register!$B$2:$B$301,MATCH($G30,Risk_Register!$T$2:$T$301,0))) | D30: =IF($B30="","",INDEX(Risk_Register!$C$2:$C$301,MATCH($G30,Risk_Register!$T$2:$T$301,0))) | E30: =IF($B30="","",INDEX(Risk_Register!$Q$2:$Q$301,MATCH($G30,Risk_Register!$T$2:$T$301,0))) | F30: =IF($B30="","",INDEX(Risk_Register!$R$2:$R$301,MATCH($G30,Risk_Register!$T$2:$T$301,0))) | G30: =IFERROR(LARGE(Risk_Register!$T$2:$T$301,18),"")
A31: 19 | B31: =IF($G31="","",INDEX(Risk_Register!$A$2:$A$301,MATCH($G31,Risk_Register!$T$2:$T$301,0))) | C31: =IF($B31="","",INDEX(Risk_Register!$B$2:$B$301,MATCH($G31,Risk_Register!$T$2:$T$301,0))) | D31: =IF($B31="","",INDEX(Risk_Register!$C$2:$C$301,MATCH($G31,Risk_Register!$T$2:$T$301,0))) | E31: =IF($B31="","",INDEX(Risk_Register!$Q$2:$Q$301,MATCH($G31,Risk_Register!$T$2:$T$301,0))) | F31: =IF($B31="","",INDEX(Risk_Register!$R$2:$R$301,MATCH($G31,Risk_Register!$T$2:$T$301,0))) | G31: =IFERROR(LARGE(Risk_Register!$T$2:$T$301,19),"")
A32: 20 | B32: =IF($G32="","",INDEX(Risk_Register!$A$2:$A$301,MATCH($G32,Risk_Register!$T$2:$T$301,0))) | C32: =IF($B32="","",INDEX(Risk_Register!$B$2:$B$301,MATCH($G32,Risk_Register!$T$2:$T$301,0))) | D32: =IF($B32="","",INDEX(Risk_Register!$C$2:$C$301,MATCH($G32,Risk_Register!$T$2:$T$301,0))) | E32: =IF($B32="","",INDEX(Risk_Register!$Q$2:$Q$301,MATCH($G32,Risk_Register!$T$2:$T$301,0))) | F32: =IF($B32="","",INDEX(Risk_Register!$R$2:$R$301,MATCH($G32,Risk_Register!$T$2:$T$301,0))) | G32: =IFERROR(LARGE(Risk_Register!$T$2:$T$301,20),"")

Sheet Change_Log
A1: Change Log (Audit Trail)
A3: Record edits to risk inputs or governance assumptions. Without macros, Excel cannot automatically capture editor identity; treat this as an operational discipline. Tip: After entries, copy column B and paste values to freeze timestamps.
A5: Change_ID | B5: Date_Time | C5: Editor | D5: Risk_ID | E5: Field | F5: Old_Value | G5: New_Value | H5: Reason / Evidence | I5: Scenario_Impacted (Y/N)
A6: =IF($D6="","",ROW()-5) | B6: =IF($D6="","",NOW())
A7: =IF($D7="","",ROW()-5) | B7: =IF($D7="","",NOW())
A8: =IF($D8="","",ROW()-5) | B8: =IF($D8="","",NOW())
A9: =IF($D9="","",ROW()-5) | B9: =IF($D9="","",NOW())
A10: =IF($D10="","",ROW()-5) | B10: =IF($D10="","",NOW())
A11: =IF($D11="","",ROW()-5) | B11: =IF($D11="","",NOW())
A12: =IF($D12="","",ROW()-5) | B12: =IF($D12="","",NOW())
A13: =IF($D13="","",ROW()-5) | B13: =IF($D13="","",NOW())
A14: =IF($D14="","",ROW()-5) | B14: =IF($D14="","",NOW())
A15: =IF($D15="","",ROW()-5) | B15: =IF($D15="","",NOW())
A16: =IF($D16="","",ROW()-5) | B16: =IF($D16="","",NOW())
A17: =IF($D17="","",ROW()-5) | B17: =IF($D17="","",NOW())
... A205: =IF($D205="","",ROW()-5) | B205: =IF($D205="","",NOW())
